<?xml version="1.0" encoding="UTF-8"?>
<object>
    <!--The name of the object as it appears in the editor-->
    <name>Path transition</name>
    <!--Object type id, you should NOT change this-->
    <type>1</type>
    <!--Object total length in bytes, you should NOT change this-->
    <length>28</length>
    <!--If a new object of this type is created this will be its default rect width-->
    <default_w>79</default_w>
    <!--If a new object of this type is created this will be its default rect height-->
    <default_h>128</default_h>
	
	<property>
		<name>Level</name>
		<type>int</type>
		<size_in_bytes>2</size_in_bytes>
		<offset>0</offset>
	</property>

	<property>
		<name>Path</name>
		<type>int</type>
		<size_in_bytes>2</size_in_bytes>
		<offset>2</offset>
	</property>
	
	<property>
		<name>Camera</name>
		<type>int</type>
		<size_in_bytes>2</size_in_bytes>
		<offset>4</offset>
	</property>
	
	<property>
		<name>Movie</name>
		<type>int</type>
		<size_in_bytes>2</size_in_bytes>
		<offset>6</offset>
	</property>	
	
	<property>
		<name>Wipe</name>
		<type>enum</type>
		<size_in_bytes>2</size_in_bytes>
		<offset>8</offset>
		<enum_entry name="Movie" value="0"></enum_entry>
		<enum_entry name="Left" value="1"></enum_entry>
		<enum_entry name="Right" value="3"></enum_entry>
		<enum_entry name="Up" value="4"></enum_entry>
		<enum_entry name="Down" value="5"></enum_entry>
		<enum_entry name="Zoom" value="6"></enum_entry>
		<enum_entry name="Horizontal" value="7"></enum_entry>
		<enum_entry name="Vertical" value="8"></enum_entry>
		<enum_entry name="Moviefirst" value="9"></enum_entry>
	</property>
	
	<property>
		<name>Scale</name>
		<type>enum</type>
		<size_in_bytes>2</size_in_bytes>
		<offset>10</offset>
		<enum_entry name="Full" value="0"></enum_entry>
		<enum_entry name="Half" value="1"></enum_entry>
	</property>
	
</object>
