<?xml version="1.0" encoding="UTF-8"?>
<object>
    <!--The name of the object as it appears in the editor-->
    <name>Hoist</name>
    <!--Object type id, you should NOT change this-->
    <type>2</type>
    <!--Object total length in bytes, you should NOT change this-->
    <length>24</length>
    <!--If a new object of this type is created this will be its default rect width-->
    <default_w>25</default_w>
    <!--If a new object of this type is created this will be its default rect height-->
    <default_h>100</default_h>
	
	<property>
		<name>Hoist type</name>
		<type>enum</type>
		<size_in_bytes>2</size_in_bytes>
		<offset>0</offset>
		<enum_entry name="Next floor" value="0"></enum_entry>
		<enum_entry name="Next edge" value="1"></enum_entry>
		<enum_entry name="Offscreen" value="2"></enum_entry>
	  </property>

  <property>
    <name>Edge type</name>
    <type>enum</type>
    <size_in_bytes>2</size_in_bytes>
    <offset>2</offset>
	<enum_entry name="Right" value="0"></enum_entry>
    <enum_entry name="Left" value="1"></enum_entry>
	<enum_entry name="Both" value="2"></enum_entry>
  </property>

  <property>
    <name>Id</name>
    <type>int</type>
    <size_in_bytes>2</size_in_bytes>
    <offset>4</offset>
  </property>

	<property>
		<name>Scale</name>
		<type>enum</type>
		<size_in_bytes>2</size_in_bytes>
		<offset>6</offset>
		<enum_entry name="Full" value="0"></enum_entry>
		<enum_entry name="Half" value="1"></enum_entry>
	</property>

	
</object>
