<?xml version="1.0" encoding="UTF-8"?>
<object>
    <!--The name of the object as it appears in the editor-->
    <name>Door</name>
    <!--Object type id, you should NOT change this-->
    <type>5</type>
    <!--Object total length in bytes, you should NOT change this-->
    <length>68</length>
    <!--If a new object of this type is created this will be its default rect width-->
    <default_w>25</default_w>
    <!--If a new object of this type is created this will be its default rect height-->
    <default_h>20</default_h>
    
    <property>
		<name>Level</name>
		<type>int</type>
		<size_in_bytes>2</size_in_bytes>
		<offset>0</offset>
	</property>

    <property>
		<name>Path</name>
		<type>int</type>
		<size_in_bytes>2</size_in_bytes>
		<offset>2</offset>
	</property>
    
    <property>
		<name>Camera</name>
		<type>int</type>
		<size_in_bytes>2</size_in_bytes>
		<offset>4</offset>
	</property>
    
    <property>
		<name>Scale</name>
		<type>enum</type>
		<size_in_bytes>2</size_in_bytes>
		<offset>6</offset>
		<enum_entry name="Full" value="0"></enum_entry>
		<enum_entry name="Half" value="1"></enum_entry>
	</property>
	
    <property>
		<name>Door number</name>
		<type>int</type>
		<size_in_bytes>2</size_in_bytes>
		<offset>8</offset>
	</property>
    
    <property>
		<name>Id</name>
		<type>int</type>
		<size_in_bytes>2</size_in_bytes>
		<offset>10</offset>
	</property>
	
	<property>
		<name>Target door number</name>
		<type>int</type>
		<size_in_bytes>2</size_in_bytes>
		<offset>12</offset>
	</property>
	
	<property>
		<name>Type</name>
		<type>enum</type>
		<size_in_bytes>2</size_in_bytes>
		<offset>14</offset>
		<enum_entry name="Normal wood" value="0"></enum_entry>
		<enum_entry name="Wood" value="1"></enum_entry>
		<enum_entry name="Stone" value="2"></enum_entry>
		<enum_entry name="Tomb" value="3"></enum_entry>
	</property>
	
	<property>
		<name>Start state</name>
		<type>enum</type>
		<size_in_bytes>2</size_in_bytes>
		<offset>16</offset>
		<enum_entry name="Open" value="0"></enum_entry>
		<enum_entry name="Closed" value="1"></enum_entry>
	</property>
	
	<property>
		<name>Hub Id 1</name>
		<type>int</type>
		<size_in_bytes>2</size_in_bytes>
		<offset>18</offset>
	</property>
	
	<property>
		<name>Hub Id 2</name>
		<type>int</type>
		<size_in_bytes>2</size_in_bytes>
		<offset>20</offset>
	</property>
	
	<property>
		<name>Hub Id 3</name>
		<type>int</type>
		<size_in_bytes>2</size_in_bytes>
		<offset>22</offset>
	</property>
	
	<property>
		<name>Hub Id 4</name>
		<type>int</type>
		<size_in_bytes>2</size_in_bytes>
		<offset>24</offset>
	</property>
	
	<property>
		<name>Hub Id 5</name>
		<type>int</type>
		<size_in_bytes>2</size_in_bytes>
		<offset>26</offset>
	</property>
	
	<property>
		<name>Hub Id 6</name>
		<type>int</type>
		<size_in_bytes>2</size_in_bytes>
		<offset>28</offset>
	</property>
	
	<property>
		<name>Hub Id 7</name>
		<type>int</type>
		<size_in_bytes>2</size_in_bytes>
		<offset>30</offset>
	</property>
	
	<property>
		<name>Hub Id 8</name>
		<type>int</type>
		<size_in_bytes>2</size_in_bytes>
		<offset>32</offset>
	</property>
	
	<property>
		<name>Wipe effect</name>
		<type>enum</type>
		<size_in_bytes>2</size_in_bytes>
		<offset>34</offset>
		<enum_entry name="Movie" value="0"></enum_entry>
		<enum_entry name="Left" value="1"></enum_entry>
		<enum_entry name="Right" value="2"></enum_entry>
		<enum_entry name="Up" value="3"></enum_entry>
		<enum_entry name="Down" value="4"></enum_entry>
		<enum_entry name="Rect" value="5"></enum_entry>
		<enum_entry name="Vert" value="6"></enum_entry>
		<enum_entry name="Horz" value="7"></enum_entry>
		<enum_entry name="Movie first" value="8"></enum_entry>
	</property>
	
	<property>
		<name>Movie number</name>
		<type>int</type>
		<size_in_bytes>2</size_in_bytes>
		<offset>36</offset>
	</property>
	
	<property>
		<name>X offset</name>
		<type>int</type>
		<size_in_bytes>2</size_in_bytes>
		<offset>38</offset>
	</property>
	
	<property>
		<name>Y offset</name>
		<type>int</type>
		<size_in_bytes>2</size_in_bytes>
		<offset>40</offset>
	</property>
	
	<property>
		<name>Wipe X origin</name>
		<type>int</type>
		<size_in_bytes>2</size_in_bytes>
		<offset>42</offset>
	</property>
	
	<property>
		<name>Wipe Y origin</name>
		<type>int</type>
		<size_in_bytes>2</size_in_bytes>
		<offset>44</offset>
	</property>
	
	<property>
		<name>Abe direction</name>
		<type>enum</type>
		<size_in_bytes>2</size_in_bytes>
		<offset>46</offset>
		<enum_entry name="Left" value="1"></enum_entry>
		<enum_entry name="Right" value="0"></enum_entry>
	</property>
	
	<property>
		<name>Close after use</name>
		<type>enum</type>
		<size_in_bytes>2</size_in_bytes>
		<offset>48</offset>
		<enum_entry name="Yes" value="1"></enum_entry>
		<enum_entry name="No" value="0"></enum_entry>
	</property>

	<property>
		<name>Cancel throwables</name>
		<type>enum</type>
		<size_in_bytes>2</size_in_bytes>
		<offset>50</offset>
		<enum_entry name="Yes" value="1"></enum_entry>
		<enum_entry name="No" value="0"></enum_entry>
	</property>
	
</object>
