<?xml version="1.0" encoding="UTF-8"?>
<object>
    <!--The name of the object as it appears in the editor-->
    <name>Lift point</name>
    <!--Object type id, you should NOT change this-->
    <type>7</type>
    <!--Object total length in bytes, you should NOT change this-->
    <length>28</length>
    <!--If a new object of this type is created this will be its default rect width-->
    <default_w>75</default_w>
    <!--If a new object of this type is created this will be its default rect height-->
    <default_h>20</default_h>
	
	<property>
		<name>Id</name>
		<type>int</type>
		<size_in_bytes>2</size_in_bytes>
		<offset>0</offset>
	</property>
	
	<property>
		<name>Is start position</name>
		<type>enum</type>
		<size_in_bytes>2</size_in_bytes>
		<offset>2</offset>
		<enum_entry name="Yes" value="1"></enum_entry>
		<enum_entry name="No" value="0"></enum_entry>
	</property>
	  	
 	<property>
		<name>Lift type</name>
		<type>int</type>
		<size_in_bytes>2</size_in_bytes>
		<offset>4</offset>
	</property>   
	
	<property>
		<name>Lift stop type</name>
		<type>enum</type>
		<size_in_bytes>2</size_in_bytes>
		<offset>6</offset>
		<enum_entry name="Top floor" value="0"></enum_entry>
		<enum_entry name="Bottom floor" value="1"></enum_entry>
		<enum_entry name="Middle floor" value="2"></enum_entry>
		<enum_entry name="Middle lock floor" value="3"></enum_entry>
		<enum_entry name="No floor, start point only" value="4"></enum_entry>
	</property>
	  	
	<property>
		<name>Scale</name>
		<type>enum</type>
		<size_in_bytes>2</size_in_bytes>
		<offset>8</offset>
		<enum_entry name="Full" value="0"></enum_entry>
		<enum_entry name="Half" value="1"></enum_entry>
	</property>
	
	<property>
		<name>Ignore lift mover</name>
		<type>enum</type>
		<size_in_bytes>2</size_in_bytes>
		<offset>10</offset>
		<enum_entry name="Yes" value="1"></enum_entry>
		<enum_entry name="No" value="0"></enum_entry>
	</property>
	  	
</object>
