<?xml version="1.0" encoding="UTF-8"?>
<object>
    <!--The name of the object as it appears in the editor-->
    <name>Express well</name>
    <!--Object type id, you should NOT change this-->
    <type>8</type>
    <!--Object total length in bytes, you should NOT change this-->
    <length>40</length>
    <!--If a new object of this type is created this will be its default rect width-->
    <default_w>25</default_w>
    <!--If a new object of this type is created this will be its default rect height-->
    <default_h>20</default_h>
	
	<property>
		<name>Scale</name>
		<type>enum</type>
		<size_in_bytes>2</size_in_bytes>
		<offset>0</offset>
		<enum_entry name="Full" value="0"></enum_entry>
		<enum_entry name="Half" value="1"></enum_entry>
	</property>
	
	<property>
    <name>Trigger Id</name>
    <type>int</type>
    <size_in_bytes>2</size_in_bytes>
    <offset>2</offset>
  </property>
  
	<property>
   <name>Id</name>
    <type>int</type>
    <size_in_bytes>2</size_in_bytes>
    <offset>4</offset>
  </property>
  
  		<property>
    <name>Resource Id</name>
    <type>int</type>
    <size_in_bytes>2</size_in_bytes>
    <offset>6</offset>
  </property>
  
	 <property>
    <name>Exit XPos</name>
    <type>int</type>
    <size_in_bytes>2</size_in_bytes>
    <offset>8</offset>
  </property>
  
	  <property>
    <name>Exit YPos</name>
    <type>int</type>
    <size_in_bytes>2</size_in_bytes>
    <offset>10</offset>
  </property>
  
  	 <property>
    <name>Out level</name>
    <type>int</type>
    <size_in_bytes>2</size_in_bytes>
    <offset>12</offset>
  </property>
  
  	 <property>
    <name>Out path</name>
    <type>int</type>
    <size_in_bytes>2</size_in_bytes>
    <offset>14</offset>
  </property>
   
   <property>
    <name>Out camera</name>
    <type>int</type>
    <size_in_bytes>2</size_in_bytes>
    <offset>16</offset>
  </property>
  
     <property>
    <name>Out well</name>
    <type>int</type>
    <size_in_bytes>2</size_in_bytes>
    <offset>18</offset>
  </property>
     
	<property>
    <name>On level</name>
    <type>int</type>
    <size_in_bytes>2</size_in_bytes>
    <offset>20</offset>
  </property>
  
  	<property>
    <name>On path</name>
    <type>int</type>
    <size_in_bytes>2</size_in_bytes>
    <offset>22</offset>
  </property>
  
</object>
