<?xml version="1.0" encoding="UTF-8"?>
<object>
    <!--The name of the object as it appears in the editor-->
    <name>Background animation</name>
    <!--Object type id, you should NOT change this-->
    <type>13</type>
    <!--Object total length in bytes, you should NOT change this-->
    <length>28</length>
    <!--If a new object of this type is created this will be its default rect width-->
    <default_w>24</default_w>
    <!--If a new object of this type is created this will be its default rect height-->
    <default_h>24</default_h>

	<property>
		<name>Animation Res</name>
		<type>int</type>
		<size_in_bytes>2</size_in_bytes>
		<offset>0</offset>
	</property>
	
  	<property>
		<name>Is Semi trans</name>
		<type>enum</type>
		<size_in_bytes>2</size_in_bytes>
		<offset>2</offset>
		<enum_entry name="Yes" value="1"></enum_entry>
		<enum_entry name="No" value="0"></enum_entry>
	</property>
	
    <property>
		<name>Semi trans mode</name>
		<type>int</type>
		<size_in_bytes>2</size_in_bytes>
		<offset>4</offset>
	</property>
	    
	<property>
		<name>Sound effect</name>
		<type>enum</type>
		<size_in_bytes>2</size_in_bytes>
		<offset>6</offset>
		<enum_entry name="None" value="0"></enum_entry>
		<enum_entry name="Campfire" value="1"></enum_entry>
		<enum_entry name="Windmill" value="2"></enum_entry>
	</property>
	
    <property>
		<name>Id</name>
		<type>int</type>
		<size_in_bytes>2</size_in_bytes>
		<offset>8</offset>
	</property>
	
	<property>
		<name>Layer</name>
		<type>enum</type>
		<size_in_bytes>2</size_in_bytes>
		<offset>10</offset>
		<enum_entry name="Background" value="0"></enum_entry>
		<enum_entry name="Normal" value="1"></enum_entry>
		<enum_entry name="Foreground" value="2"></enum_entry>
	</property>
	
</object>
