<?xml version="1.0" encoding="UTF-8"?>
<object>
    <!--The name of the object as it appears in the editor-->
    <name>Security eye</name>
    <!--Object type id, you should NOT change this-->
    <type>19</type>
    <!--Object total length in bytes, you should NOT change this-->
    <length>20</length>
    <!--If a new object of this type is created this will be its default rect width-->
    <default_w>14</default_w>
    <!--If a new object of this type is created this will be its default rect height-->
    <default_h>18</default_h>
	
	<property>
		<name>Scale</name>
		<type>enum</type>
		<size_in_bytes>4</size_in_bytes>
		<offset>0</offset>
		<enum_entry name="Full" value="0"></enum_entry>
		<enum_entry name="Half" value="1"></enum_entry>
	</property>
	
</object>
