<?xml version="1.0" encoding="UTF-8"?>
<object>
    <!--The name of the object as it appears in the editor-->
    <name>Well</name>
    <!--Object type id, you should NOT change this-->
    <type>23</type>
    <!--Object total length in bytes, you should NOT change this-->
    <length>52</length>
    <!--If a new object of this type is created this will be its default rect width-->
    <default_w>25</default_w>
    <!--If a new object of this type is created this will be its default rect height-->
    <default_h>24</default_h>
</object>
