<?xml version="1.0" encoding="UTF-8"?>
<object>
    <!--The name of the object as it appears in the editor-->
    <name>Motion detector</name>
    <!--Object type id, you should NOT change this-->
    <type>36</type>
    <!--Object total length in bytes, you should NOT change this-->
    <length>36</length>
    <!--If a new object of this type is created this will be its default rect width-->
    <default_w>275</default_w>
    <!--If a new object of this type is created this will be its default rect height-->
    <default_h>24</default_h>
	
	<property>
		<name>Scale</name>
		<type>enum</type>
		<size_in_bytes>2</size_in_bytes>
		<offset>0</offset>
		<enum_entry name="Full" value="0"></enum_entry>
		<enum_entry name="Half" value="1"></enum_entry>
	</property>
	
	<property>
		<name>Device X</name>
		<type>int</type>
		<size_in_bytes>2</size_in_bytes>
		<offset>2</offset>
    </property> 
	
	<property>
		<name>Device Y</name>
		<type>int</type>
		<size_in_bytes>2</size_in_bytes>
		<offset>4</offset>
    </property> 
	
	<property>
		<name>Speed x 256</name>
		<type>int</type>
		<size_in_bytes>2</size_in_bytes>
		<offset>6</offset>
    </property> 
	 
	<property>
		<name>Start on</name>
		<type>enum</type>
		<size_in_bytes>2</size_in_bytes>
		<offset>8</offset>
		<enum_entry name="Yes" value="1"></enum_entry>
		<enum_entry name="No" value="0"></enum_entry>
	</property>
	
	<property>
		<name>Draw flare</name>
		<type>enum</type>
		<size_in_bytes>2</size_in_bytes>
		<offset>10</offset>
		<enum_entry name="Yes" value="1"></enum_entry>
		<enum_entry name="No" value="0"></enum_entry>
	</property>
		
	<property>
		<name>Disable Id</name>
		<type>int</type>
		<size_in_bytes>2</size_in_bytes>
		<offset>12</offset>
    </property> 
	 
	<property>
		<name>Alarm Id</name>
		<type>int</type>
		<size_in_bytes>2</size_in_bytes>
		<offset>14</offset>
    </property> 
	 
	<property>
		<name>Alarm ticks</name>
		<type>int</type>
		<size_in_bytes>2</size_in_bytes>
		<offset>16</offset>
    </property> 
	 
</object>
