<?xml version="1.0" encoding="UTF-8"?>
<object>
    <!--The name of the object as it appears in the editor-->
    <name>Scrab</name>
    <!--Object type id, you should NOT change this-->
    <type>41</type>
    <!--Object total length in bytes, you should NOT change this-->
    <length>44</length>
    <!--If a new object of this type is created this will be its default rect width-->
    <default_w>25</default_w>
    <!--If a new object of this type is created this will be its default rect height-->
    <default_h>20</default_h>
    
	<property>
		<name>Scale</name>
		<type>enum</type>
		<size_in_bytes>2</size_in_bytes>
		<offset>0</offset>
		<enum_entry name="Full" value="0"></enum_entry>
		<enum_entry name="Half" value="1"></enum_entry>
	</property>
	
  	<property>
		<name>Attack delay</name>
		<type>int</type>
		<size_in_bytes>2</size_in_bytes>
		<offset>2</offset>
	</property>
	
	<property>
		<name>Patrol type</name>
		<type>enum</type>
		<size_in_bytes>2</size_in_bytes>
		<offset>4</offset>
		<enum_entry name="Walk 100%" value="0"></enum_entry>
		<enum_entry name="Walk 75%" value="1"></enum_entry>
		<enum_entry name="Walk 50%" value="2"></enum_entry>
		<enum_entry name="Walk 25%" value="3"></enum_entry>
		<enum_entry name="Walk 0%" value="4"></enum_entry>
	</property>
	
	<property>
		<name>Left min delay</name>
		<type>int</type>
		<size_in_bytes>2</size_in_bytes>
		<offset>6</offset>
	</property>
	
	<property>
		<name>Left max delay</name>
		<type>int</type>
		<size_in_bytes>2</size_in_bytes>
		<offset>8</offset>
	</property>
	
	<property>
		<name>Right min delay</name>
		<type>int</type>
		<size_in_bytes>2</size_in_bytes>
		<offset>10</offset>
	</property>
	
	<property>
		<name>Right max delay</name>
		<type>int</type>
		<size_in_bytes>2</size_in_bytes>
		<offset>12</offset>
	</property>
	
	<property>
		<name>Attack duration</name>
		<type>int</type>
		<size_in_bytes>2</size_in_bytes>
		<offset>14</offset>
	</property>
			
	<property>
		<name>Disable resources</name>
		<type>int</type>
		<size_in_bytes>2</size_in_bytes>
		<offset>16</offset>
	</property>
	
	<property>
		<name>Roar randomly</name>
		<type>enum</type>
		<size_in_bytes>2</size_in_bytes>
		<offset>18</offset>
		<enum_entry name="Yes" value="1"></enum_entry>
		<enum_entry name="No" value="0"></enum_entry>
	</property>
	
	<property>
		<name>Persistant</name>
		<type>enum</type>
		<size_in_bytes>2</size_in_bytes>
		<offset>20</offset>
		<enum_entry name="Yes" value="1"></enum_entry>
		<enum_entry name="No" value="0"></enum_entry>
	</property>
	
	<property>
		<name>Whirl attack duration</name>
		<type>int</type>
		<size_in_bytes>2</size_in_bytes>
		<offset>22</offset>
	</property>
	
	<property>
		<name>Whirl attack recharge</name>
		<type>int</type>
		<size_in_bytes>2</size_in_bytes>
		<offset>24</offset>
	</property>
	
	<property>
		<name>Kill close fleech</name>
		<type>enum</type>
		<size_in_bytes>2</size_in_bytes>
		<offset>26</offset>
		<enum_entry name="Yes" value="1"></enum_entry>
		<enum_entry name="No" value="0"></enum_entry>
	</property>		
</object>
