<?xml version="1.0" encoding="UTF-8"?>
<object>
    <!--The name of the object as it appears in the editor-->
    <name>Mud</name>
    <!--Object type id, you should NOT change this-->
    <type>49</type>
    <!--Object total length in bytes, you should NOT change this-->
    <length>48</length>
    <!--If a new object of this type is created this will be its default rect width-->
    <default_w>24</default_w>
    <!--If a new object of this type is created this will be its default rect height-->
    <default_h>24</default_h>
	
	<property>
		<name>Scale</name>
		<type>enum</type>
		<size_in_bytes>2</size_in_bytes>
		<offset>0</offset>
		<enum_entry name="Full" value="0"></enum_entry>
		<enum_entry name="Half" value="1"></enum_entry>
	</property>
	
	<property>
		<name>State</name>
		<type>enum</type>
		<size_in_bytes>2</size_in_bytes>
		<offset>2</offset>
		<enum_entry name="Chisle" value="0"></enum_entry>
		<enum_entry name="Scrub" value="1"></enum_entry>
		<enum_entry name="Angry Worker" value="2"></enum_entry>
		<enum_entry name="Damage ring giver" value="3"></enum_entry>
		<enum_entry name="Health ring giver" value="4"></enum_entry>
	</property>
	
	<property>
		<name>Direction</name>
		<type>enum</type>
		<size_in_bytes>2</size_in_bytes>
		<offset>4</offset>
		<enum_entry name="Left" value="0"></enum_entry>
		<enum_entry name="Right" value="1"></enum_entry>
	</property>
	  
	<property>
		<name>Voice pitch</name>
		<type>int</type>
		<size_in_bytes>2</size_in_bytes>
		<offset>6</offset>
	</property>
	
  	<property>
		<name>Rescue Id</name>
		<type>int</type>
		<size_in_bytes>2</size_in_bytes>
		<offset>8</offset>
	</property>
	  	
	<property>
		<name>Deaf</name>
		<type>enum</type>
		<size_in_bytes>2</size_in_bytes>
		<offset>10</offset>
		<enum_entry name="Yes" value="1"></enum_entry>
		<enum_entry name="No" value="0"></enum_entry>
	</property>
	
	<property>
		<name>Disable resources</name>
		<type>int</type>
		<size_in_bytes>2</size_in_bytes>
		<offset>12</offset>
	</property>
	
	<property>
		<name>Save state</name>
		<type>bool</type>
		<size_in_bytes>2</size_in_bytes>
		<offset>14</offset>
	</property>
	
	<property>
		<name>Emotion</name>
		<type>enum</type>
		<size_in_bytes>2</size_in_bytes>
		<offset>16</offset>
		<enum_entry name="Normal" value="0"></enum_entry>
		<enum_entry name="Angry" value="1"></enum_entry>
		<enum_entry name="Sad" value="2"></enum_entry>
		<enum_entry name="Wired" value="3"></enum_entry>
		<enum_entry name="Sick" value="4"></enum_entry>
	</property>
	
	<property>
		<name>Blind</name>
		<type>bool</type>
		<size_in_bytes>2</size_in_bytes>
		<offset>18</offset>
	</property>

	
	<property>
		<name>Angry trigger</name>
		<type>int</type>
		<size_in_bytes>2</size_in_bytes>
		<offset>20</offset>
	</property>
	
	<property>
		<name>Stop trigger</name>
		<type>int</type>
		<size_in_bytes>2</size_in_bytes>
		<offset>22</offset>
	</property>

	<property>
		<name>Gets depressed</name>
		<type>enum</type>
		<size_in_bytes>2</size_in_bytes>
		<offset>24</offset>
		<enum_entry name="Yes" value="1"></enum_entry>
		<enum_entry name="No" value="0"></enum_entry>
	</property>
	
	<property>
		<name>Ring timeout</name>
		<type>int</type>
		<size_in_bytes>2</size_in_bytes>
		<offset>26</offset>
	</property>
	
	<property>
		<name>Instant powerup</name>
		<type>enum</type>
		<size_in_bytes>4</size_in_bytes>
		<offset>28</offset>
		<enum_entry name="Yes" value="1"></enum_entry>
		<enum_entry name="No" value="0"></enum_entry>
	</property>
	
</object>
