<?xml version="1.0" encoding="UTF-8"?>
<object>
  <!--The name of the object as it appears in the editor-->
  <name>LCD screen</name>

  <!--Object type id, you should NOT change this-->
  <type>60</type>

  <!--Object total length in bytes, you should NOT change this-->
  <length>28</length>

  <!--If a new object of this type is created this will be its default rect width-->
  <default_w>200</default_w>

  <!--If a new object of this type is created this will be its default rect height-->
  <default_h>24</default_h>

  <property>
    <name>Message 1 Id</name>
    <type>int</type>
    <size_in_bytes>2</size_in_bytes>
    <offset>0</offset>
  </property>

  <property>
    <name>Message rand min</name>
    <type>int</type>
    <size_in_bytes>2</size_in_bytes>
    <offset>2</offset>
  </property>

  <property>
    <name>Message rand max</name>
    <type>int</type>
    <size_in_bytes>2</size_in_bytes>
    <offset>4</offset>
  </property>
  
  <property>
    <name>Message 2 Id</name>
    <type>int</type>
    <size_in_bytes>2</size_in_bytes>
    <offset>6</offset>
  </property>
  
    <property>
    <name>Id to switch message sets</name>
    <type>int</type>
    <size_in_bytes>4</size_in_bytes>
    <offset>8</offset>
  </property>
  
</object>
