<?xml version="1.0" encoding="UTF-8"?>
<object>
    <!--The name of the object as it appears in the editor-->
    <name>Music</name>
    <!--Object type id, you should NOT change this-->
    <type>66</type>
    <!--Object total length in bytes, you should NOT change this-->
    <length>24</length>
    <!--If a new object of this type is created this will be its default rect width-->
    <default_w>351</default_w>
    <!--If a new object of this type is created this will be its default rect height-->
    <default_h>260</default_h>
    
    <property>
		<name>Type</name>
		<type>enum</type>
		<size_in_bytes>2</size_in_bytes>
		<offset>0</offset>
		
		<enum_entry name="Secret" value="0"></enum_entry>
		<enum_entry name="Negative" value="1"></enum_entry>
		<enum_entry name="Positive" value="2"></enum_entry>
		<enum_entry name="Slig attack" value="3"></enum_entry>
		<enum_entry name="Slog attack" value="4"></enum_entry>
		<enum_entry name="Silence" value="5"></enum_entry>
	</property>
	
	<property>
		<name>Start</name>
		<type>enum</type>
		<size_in_bytes>2</size_in_bytes>
		<offset>2</offset>
		
		<enum_entry name="Player touch" value="0"></enum_entry>
		<enum_entry name="By time" value="1"></enum_entry>
	</property>
	
  	<property>
		<name>Time ticks</name>
		<type>int</type>
		<size_in_bytes>4</size_in_bytes>
		<offset>4</offset>
	</property>
	
</object>
