<?xml version="1.0" encoding="UTF-8"?>
<object>
  <!--The name of the object as it appears in the editor-->
  <name>(AO) Light effect</name>

  <!--Object type id, you should NOT change this-->
  <type>67</type>

  <!--Object total length in bytes, you should NOT change this-->
  <length>24</length>

  <!--If a new object of this type is created this will be its default rect width-->
  <default_w>24</default_w>

  <!--If a new object of this type is created this will be its default rect height-->
  <default_h>24</default_h>

  <property>
    <name>Type</name>
    <type>enum</type>
    <size_in_bytes>2</size_in_bytes>
    <offset>0</offset>
	<enum_entry name="Star" value="0"></enum_entry>
	<enum_entry name="Red/Gold glow" value="1"></enum_entry>
	<enum_entry name="Green glow" value="2"></enum_entry>
	<enum_entry name="Flint glow" value="3"></enum_entry>
	<enum_entry name="Flint door" value="4"></enum_entry>
	<enum_entry name="Flint hub" value="5"></enum_entry>
  </property>

  <property>
    <name>Size</name>
    <type>int</type>
    <size_in_bytes>2</size_in_bytes>
    <offset>2</offset>
  </property>

  <property>
    <name>Id</name>
    <type>int</type>
    <size_in_bytes>2</size_in_bytes>
    <offset>4</offset>
  </property>

  <property>
    <name>Flip X</name>
    <type>enum</type>
    <size_in_bytes>2</size_in_bytes>
    <offset>6</offset>
	<enum_entry name="Yes" value="0"></enum_entry>
	<enum_entry name="No" value="1"></enum_entry>
  </property>

	<required_file>STAR.BAN</required_file>	
	<required_file>GOLDGLOW.BAN</required_file>
	<required_file>GRENGLOW.BAN</required_file>
	<required_file>FLNTGLOW.BAN</required_file>
	<required_file>HUBLIGHT.BAN</required_file>
	<required_file>HUBRED.BAN</required_file>


</object>
