<?xml version="1.0" encoding="UTF-8"?>
<object>
    <!--The name of the object as it appears in the editor-->
    <name>Gas emitter</name>
    <!--Object type id, you should NOT change this-->
    <type>71</type>
    <!--Object total length in bytes, you should NOT change this-->
    <length>20</length>
    <!--If a new object of this type is created this will be its default rect width-->
    <default_w>24</default_w>
    <!--If a new object of this type is created this will be its default rect height-->
    <default_h>24</default_h>
	
	<property>
		<name>Port Id</name>
		<type>int</type>
		<size_in_bytes>2</size_in_bytes>
		<offset>0</offset>
	</property>
	  	
	<property>
		<name>Gas colour</name>
		<type>enum</type>
		<size_in_bytes>2</size_in_bytes>
		<offset>2</offset>
		<enum_entry name="Yellow" value="0"></enum_entry>
		<enum_entry name="Red" value="1"></enum_entry>
		<enum_entry name="Blue" value="2"></enum_entry>
		<enum_entry name="Green" value="3"></enum_entry>
		<enum_entry name="White" value="4"></enum_entry>
	</property>
	
</object>
