<?xml version="1.0" encoding="UTF-8"?>
<object>
    <!--The name of the object as it appears in the editor-->
    <name>Glukkon</name>
    <!--Object type id, you should NOT change this-->
    <type>73</type>
    <!--Object total length in bytes, you should NOT change this-->
    <length>44</length>
    <!--If a new object of this type is created this will be its default rect width-->
    <default_w>24</default_w>
    <!--If a new object of this type is created this will be its default rect height-->
    <default_h>24</default_h>
    
	<property>
		<name>Scale</name>
		<type>enum</type>
		<size_in_bytes>2</size_in_bytes>
		<offset>0</offset>
		<enum_entry name="Full" value="0"></enum_entry>
		<enum_entry name="Half" value="1"></enum_entry>
	</property>
	
  	<property>
		<name>Direction</name>
		<type>enum</type>
		<size_in_bytes>2</size_in_bytes>
		<offset>2</offset>
		<enum_entry name="Right" value="0"></enum_entry>
		<enum_entry name="Left" value="1"></enum_entry>
	</property>
	
  	<property>
		<name>Calm motion</name>
		<type>enum</type>
		<size_in_bytes>2</size_in_bytes>
		<offset>4</offset>
		<enum_entry name="Stand only" value="0"></enum_entry>
		<enum_entry name="Between tags" value="1"></enum_entry>
	</property>
	
  	<property>
		<name>Pre alarm delay</name>
		<type>int</type>
		<size_in_bytes>2</size_in_bytes>
		<offset>6</offset>
	</property>
	  	
	<property>
		<name>Post alarm delay</name>
		<type>int</type>
		<size_in_bytes>2</size_in_bytes>
		<offset>8</offset>
	</property>
	
	<property>
		<name>Spawn Id</name>
		<type>int</type>
		<size_in_bytes>2</size_in_bytes>
		<offset>10</offset>
	</property>
		
	<property>
		<name>Spawn direction</name>
		<type>int</type>
		<size_in_bytes>2</size_in_bytes>
		<offset>12</offset>
	</property>
	
	<property>
		<name>Spawn delay</name>
		<type>int</type>
		<size_in_bytes>2</size_in_bytes>
		<offset>14</offset>
	</property>
	
	<property>
		<name>Glukkon type</name>
		<type>enum</type>
		<size_in_bytes>2</size_in_bytes>
		<offset>16</offset>
		<enum_entry name="Normal 1" value="0"></enum_entry>
		<enum_entry name="Aslik" value="1"></enum_entry>
		<enum_entry name="Drpik" value="2"></enum_entry>
		<enum_entry name="Phleg" value="3"></enum_entry>
		<enum_entry name="Normal 2" value="4"></enum_entry>
		<enum_entry name="Normal 3" value="5"></enum_entry>
	</property>
	
	<property>
		<name>Start gas Id</name>
		<type>int</type>
		<size_in_bytes>2</size_in_bytes>
		<offset>18</offset>
	</property>
	
	<property>
		<name>Play movie Id</name>
		<type>int</type>
		<size_in_bytes>2</size_in_bytes>
		<offset>20</offset>
	</property>
	
	<property>
		<name>Movie Id</name>
		<type>int</type>
		<size_in_bytes>2</size_in_bytes>
		<offset>22</offset>
	</property>
	
</object>
