<?xml version="1.0" encoding="UTF-8"?>
<object>
    <!--The name of the object as it appears in the editor-->
    <name>Soft landing</name>
    <!--Object type id, you should NOT change this-->
    <type>75</type>
    <!--Object total length in bytes, you should NOT change this-->
    <length>20</length>
    <!--If a new object of this type is created this will be its default rect width-->
    <default_w>100</default_w>
    <!--If a new object of this type is created this will be its default rect height-->
    <default_h>24</default_h>
	
	<property>
    <name>Id</name>
    <type>int</type>
    <size_in_bytes>4</size_in_bytes>
    <offset>0</offset>
  </property>
  
</object>
