<?xml version="1.0" encoding="UTF-8"?>
<object>
    <!--The name of the object as it appears in the editor-->
    <name>Fleech</name>
    <!--Object type id, you should NOT change this-->
    <type>83</type>
    <!--Object total length in bytes, you should NOT change this-->
    <length>48</length>
    <!--If a new object of this type is created this will be its default rect width-->
    <default_w>24</default_w>
    <!--If a new object of this type is created this will be its default rect height-->
    <default_h>24</default_h>
	
	<property>
		<name>Scale</name>
		<type>enum</type>
		<size_in_bytes>2</size_in_bytes>
		<offset>0</offset>
		<enum_entry name="Full" value="0"></enum_entry>
		<enum_entry name="Half" value="1"></enum_entry>
	</property>
	
	<property>
		<name>Direction</name>
		<type>enum</type>
		<size_in_bytes>2</size_in_bytes>
		<offset>2</offset>
		<enum_entry name="Left" value="0"></enum_entry>
		<enum_entry name="Right" value="1"></enum_entry>
	</property>
	
	<property>
		<name>Asleep</name>
		<type>enum</type>
		<size_in_bytes>2</size_in_bytes>
		<offset>4</offset>
		<enum_entry name="Yes" value="1"></enum_entry>
		<enum_entry name="No" value="0"></enum_entry>
	</property>
	
	<property>
		<name>Wake up</name>
		<type>int</type>
		<size_in_bytes>2</size_in_bytes>
		<offset>6</offset>
	</property>
	
	<property>
		<name>Not used</name>
		<type>int</type>
		<size_in_bytes>2</size_in_bytes>
		<offset>8</offset>
	</property>
	
	<property>
		<name>Attack anger</name>
		<type>int</type>
		<size_in_bytes>2</size_in_bytes>
		<offset>10</offset>
	</property>
	
	<property>
		<name>Attack delay</name>
		<type>int</type>
		<size_in_bytes>2</size_in_bytes>
		<offset>12</offset>
	</property>
		
	<property>
		<name>Wake up Id</name>
		<type>int</type>
		<size_in_bytes>2</size_in_bytes>
		<offset>14</offset>
	</property>
	
	<property>
		<name>Hanging</name>
		<type>enum</type>
		<size_in_bytes>2</size_in_bytes>
		<offset>16</offset>
		<enum_entry name="Yes" value="1"></enum_entry>
		<enum_entry name="No" value="0"></enum_entry>
	</property>
			
	<property>
		<name>Lost target timeout</name>
		<type>int</type>
		<size_in_bytes>2</size_in_bytes>
		<offset>18</offset>
	</property>
	
	<property>
		<name>Goes to sleep</name>
		<type>enum</type>
		<size_in_bytes>2</size_in_bytes>
		<offset>20</offset>
		<enum_entry name="Yes" value="1"></enum_entry>
		<enum_entry name="No" value="0"></enum_entry>
	</property>
	
	<property>
		<name>Patrol range (grids)</name>
		<type>int</type>
		<size_in_bytes>2</size_in_bytes>
		<offset>22</offset>
	</property>
	
	<property>
		<name>Unused</name>
		<type>int</type>
		<size_in_bytes>2</size_in_bytes>
		<offset>24</offset>
	</property>
	
	<property>
		<name>Allow wake up Id</name>
		<type>int</type>
		<size_in_bytes>2</size_in_bytes>
		<offset>26</offset>
	</property>	
	
	<property>
		<name>Persistant</name>
		<type>enum</type>
		<size_in_bytes>2</size_in_bytes>
		<offset>28</offset>
		<enum_entry name="Yes" value="1"></enum_entry>
		<enum_entry name="No" value="0"></enum_entry>
	</property>
	
</object>
