<?xml version="1.0" encoding="UTF-8"?>
<object>
    <!--The name of the object as it appears in the editor-->
    <name>Level loader</name>
    <!--Object type id, you should NOT change this-->
    <type>86</type>
    <!--Object total length in bytes, you should NOT change this-->
    <length>28</length>
    <!--If a new object of this type is created this will be its default rect width-->
    <default_w>24</default_w>
    <!--If a new object of this type is created this will be its default rect height-->
    <default_h>24</default_h>
	
	<property>
    <name>Id</name>
    <type>int</type>
    <size_in_bytes>2</size_in_bytes>
    <offset>0</offset>
  </property>
  
	<property>
    <name>Dest level</name>
    <type>int</type>
    <size_in_bytes>2</size_in_bytes>
    <offset>2</offset>
  </property>
  
	<property>
   <name>Dest path</name>
    <type>int</type>
    <size_in_bytes>2</size_in_bytes>
    <offset>4</offset>
  </property>
	
	<property>
   <name>Dest camera</name>
    <type>int</type>
    <size_in_bytes>2</size_in_bytes>
    <offset>6</offset>
  </property>

	<property>
   <name>Movie</name>
    <type>int</type>
    <size_in_bytes>4</size_in_bytes>
    <offset>8</offset>
  </property>
</object>
