<?xml version="1.0" encoding="UTF-8"?>
<object>
    <!--The name of the object as it appears in the editor-->
    <name>Teleporter</name>
    <!--Object type id, you should NOT change this-->
    <type>88</type>
    <!--Object total length in bytes, you should NOT change this-->
    <length>40</length>
    <!--If a new object of this type is created this will be its default rect width-->
    <default_w>24</default_w>
    <!--If a new object of this type is created this will be its default rect height-->
    <default_h>24</default_h>
    
    <property>
		<name>Id</name>
		<type>int</type>
		<size_in_bytes>2</size_in_bytes>
		<offset>0</offset>
    </property>
    
    <property>
		<name>Target Id</name>
		<type>int</type>
		<size_in_bytes>2</size_in_bytes>
		<offset>2</offset>
    </property> 

    <property>
		<name>Camera</name>
		<type>int</type>
		<size_in_bytes>2</size_in_bytes>
		<offset>4</offset>
    </property> 

    <property>
		<name>Path</name>
		<type>int</type>
		<size_in_bytes>2</size_in_bytes>
		<offset>6</offset>
    </property> 

    <property>
		<name>Level</name>
		<type>int</type>
		<size_in_bytes>2</size_in_bytes>
		<offset>8</offset>
    </property> 

    <property>
		<name>Trigger Id</name>
		<type>int</type>
		<size_in_bytes>2</size_in_bytes>
		<offset>10</offset>
    </property> 

    <property>
		<name>Half scale</name>
		<type>enum</type>
		<size_in_bytes>2</size_in_bytes>
		<offset>12</offset>
		<enum_entry name="Yes" value="1"></enum_entry>
		<enum_entry name="No" value="0"></enum_entry>
    </property> 

    <property>
		<name>Wipe</name>
		<type>enum</type>
		<size_in_bytes>2</size_in_bytes>
		<offset>14</offset>
		<enum_entry name="Movie" value="0"></enum_entry>
		<enum_entry name="Left" value="1"></enum_entry>
		<enum_entry name="Right" value="2"></enum_entry>
		<enum_entry name="Up" value="3"></enum_entry>
		<enum_entry name="Down" value="4"></enum_entry>
		<enum_entry name="Rect" value="5"></enum_entry>
		<enum_entry name="Vert" value="6"></enum_entry>
		<enum_entry name="Horz" value="7"></enum_entry>
		<enum_entry name="Movie first" value="8"></enum_entry>
    </property> 
    
    <property>
		<name>Movie number</name>
		<type>int</type>
		<size_in_bytes>2</size_in_bytes>
		<offset>16</offset>
    </property>     

    <property>
		<name>Electric X</name>
		<type>int</type>
		<size_in_bytes>2</size_in_bytes>
		<offset>18</offset>
    </property> 
    
    <property>
		<name>Electric Y</name>
		<type>int</type>
		<size_in_bytes>4</size_in_bytes>
		<offset>20</offset>
    </property>      
  
</object>
