<?xml version="1.0" encoding="UTF-8"?>
<object>
    <!--The name of the object as it appears in the editor-->
    <name>Grinder</name>
    <!--Object type id, you should NOT change this-->
    <type>90</type>
    <!--Object total length in bytes, you should NOT change this-->
    <length>40</length>
    <!--If a new object of this type is created this will be its default rect width-->
    <default_w>276</default_w>
    <!--If a new object of this type is created this will be its default rect height-->
    <default_h>24</default_h>
	
	<property>
		<name>Scale</name>
		<type>enum</type>
		<size_in_bytes>2</size_in_bytes>
		<offset>0</offset>
		<enum_entry name="Full" value="0"></enum_entry>
		<enum_entry name="Half" value="1"></enum_entry>
	</property>
	
	<property>
		<name>Min off time</name>
		<type>int</type>
		<size_in_bytes>2</size_in_bytes>
		<offset>2</offset>
    </property>     

	<property>
		<name>Max off time</name>
		<type>int</type>
		<size_in_bytes>2</size_in_bytes>
		<offset>4</offset>
    </property>  
	
	<property>
		<name>Id</name>
		<type>int</type>
		<size_in_bytes>2</size_in_bytes>
		<offset>6</offset>
    </property> 
	
	<property>
		<name>Behavior</name>
		<type>enum</type>
		<size_in_bytes>2</size_in_bytes>
		<offset>8</offset>
		<enum_entry name="Normal" value="0"></enum_entry>
		<enum_entry name="Id on/off" value="1"></enum_entry>
		<enum_entry name="Switch control" value="2"></enum_entry>
	</property>
	
	<property>
		<name>Speed</name>
		<type>int</type>
		<size_in_bytes>2</size_in_bytes>
		<offset>10</offset>
    </property> 
	
	<property>
		<name>Start state</name>
		<type>enum</type>
		<size_in_bytes>2</size_in_bytes>
		<offset>12</offset>
		<enum_entry name="On" value="1"></enum_entry>
		<enum_entry name="Off" value="0"></enum_entry>
	</property>
	
	<property>
		<name>Off speed</name>
		<type>int</type>
		<size_in_bytes>2</size_in_bytes>
		<offset>14</offset>
    </property>
	
	<property>
		<name>Min off time 2</name>
		<type>int</type>
		<size_in_bytes>2</size_in_bytes>
		<offset>16</offset>
    </property>     

	<property>
		<name>Max off time 2</name>
		<type>int</type>
		<size_in_bytes>2</size_in_bytes>
		<offset>18</offset>
    </property>  
	
	<property>
		<name>Start position</name>
		<type>enum</type>
		<size_in_bytes>2</size_in_bytes>
		<offset>20</offset>
		<enum_entry name="Top" value="1"></enum_entry>
		<enum_entry name="Bottom" value="0"></enum_entry>
	</property>
	
	<property>
		<name>Direction</name>
		<type>enum</type>
		<size_in_bytes>2</size_in_bytes>
		<offset>22</offset>
		<enum_entry name="Down" value="0"></enum_entry>
		<enum_entry name="Right" value="1"></enum_entry>
		<enum_entry name="Left" value="2"></enum_entry>
	</property>
	
</object>
