<?xml version="1.0" encoding="UTF-8"?>
<object>
    <!--The name of the object as it appears in the editor-->
    <name>Flying slig spawner</name>
    <!--Object type id, you should NOT change this-->
    <type>92</type>
    <!--Object total length in bytes, you should NOT change this-->
    <length>48</length>
    <!--If a new object of this type is created this will be its default rect width-->
    <default_w>24</default_w>
    <!--If a new object of this type is created this will be its default rect height-->
    <default_h>24</default_h>
    
  <property>
		<name>Scale</name>
		<type>enum</type>
		<size_in_bytes>2</size_in_bytes>
		<offset>0</offset>
		<enum_entry name="Full" value="0"></enum_entry>
		<enum_entry name="Half" value="1"></enum_entry>
    </property>
    
    <property>
		<name>State</name>
		<type>enum</type>
		<size_in_bytes>2</size_in_bytes>
		<offset>2</offset>
		<enum_entry name="Patrol" value="0"></enum_entry>
		<enum_entry name="Paused" value="1"></enum_entry>
    </property> 
    
    <property>
		<name>Hi pause time</name>
		<type>int</type>
		<size_in_bytes>2</size_in_bytes>
		<offset>4</offset>
    </property> 
    
    <property>
		<name>Patrol pause min</name>
		<type>int</type>
		<size_in_bytes>2</size_in_bytes>
		<offset>6</offset>
    </property> 
    
    <property>
		<name>Patrol pause max</name>
		<type>int</type>
		<size_in_bytes>2</size_in_bytes>
		<offset>8</offset>
    </property> 

    <property>
		<name>Direction</name>
		<type>enum</type>
		<size_in_bytes>2</size_in_bytes>
		<offset>10</offset>
		<enum_entry name="Left" value="0"></enum_entry>
		<enum_entry name="Right" value="1"></enum_entry>
    </property> 

    <property>
		<name>Panic delay</name>
		<type>int</type>
		<size_in_bytes>2</size_in_bytes>
		<offset>12</offset>
    </property> 

    <property>
		<name>Give up chase delay</name>
		<type>int</type>
		<size_in_bytes>2</size_in_bytes>
		<offset>14</offset>
    </property> 

    <property>
		<name>Prechase delay</name>
		<type>int</type>
		<size_in_bytes>2</size_in_bytes>
		<offset>16</offset>
    </property> 

    <property>
		<name>Slig Id</name>
		<type>int</type>
		<size_in_bytes>2</size_in_bytes>
		<offset>18</offset>
    </property> 

    <property>
		<name>Listen time</name>
		<type>int</type>
		<size_in_bytes>2</size_in_bytes>
		<offset>20</offset>
    </property> 

    <property>
		<name>Trigger id</name>
		<type>int</type>
		<size_in_bytes>2</size_in_bytes>
		<offset>22</offset>
    </property> 

    <property>
		<name>Grenade delay</name>
		<type>int</type>
		<size_in_bytes>2</size_in_bytes>
		<offset>24</offset>
    </property>
    
    <property>
		<name>Max velocity</name>
		<type>int</type>
		<size_in_bytes>2</size_in_bytes>
		<offset>26</offset>
    </property>

    <property>
		<name>Launch Id</name>
		<type>int</type>
		<size_in_bytes>2</size_in_bytes>
		<offset>28</offset>
    </property>
    
    <property>
		<name>Persistant</name>
		<type>enum</type>
		<size_in_bytes>2</size_in_bytes>
		<offset>30</offset>
		<enum_entry name="Yes" value="1"></enum_entry>
		<enum_entry name="No" value="0"></enum_entry>
	</property>
    
	
	
</object>
