<?xml version="1.0" encoding="UTF-8"?>
<object>
    <!--The name of the object as it appears in the editor-->
    <name>Explosion Set</name>
    <!--Object type id, you should NOT change this-->
    <type>95</type>
    <!--Object total length in bytes, you should NOT change this-->
    <length>36</length>
    <!--If a new object of this type is created this will be its default rect width-->
    <default_w>376</default_w>
    <!--If a new object of this type is created this will be its default rect height-->
    <default_h>24</default_h>
	
	<property>
		<name>Start instantly</name>
		<type>enum</type>
		<size_in_bytes>2</size_in_bytes>
		<offset>0</offset>
		<enum_entry name="Yes" value="1"></enum_entry>
		<enum_entry name="No" value="0"></enum_entry>
	</property>
	
	<property>
		<name>Id</name>
		<type>int</type>
		<size_in_bytes>2</size_in_bytes>
		<offset>2</offset>
    </property>
	
	<property>
		<name>Big rocks</name>
		<type>enum</type>
		<size_in_bytes>2</size_in_bytes>
		<offset>4</offset>
		<enum_entry name="Yes" value="1"></enum_entry>
		<enum_entry name="No" value="0"></enum_entry>
	</property>
	
	<property>
		<name>Start delay</name>
		<type>int</type>
		<size_in_bytes>2</size_in_bytes>
		<offset>6</offset>
    </property>
	
	<property>
		<name>Sequnce direction</name>
		<type>enum</type>
		<size_in_bytes>2</size_in_bytes>
		<offset>8</offset>
		<enum_entry name="Left to right" value="1"></enum_entry>
		<enum_entry name="Right to left" value="0"></enum_entry>
	</property>
	
	<property>
		<name>Sequnce delay</name>
		<type>int</type>
		<size_in_bytes>2</size_in_bytes>
		<offset>10</offset>
    </property>
	
	<property>
		<name>Spacing (grids)</name>
		<type>int</type>
		<size_in_bytes>2</size_in_bytes>
		<offset>12</offset>
    </property>
	
	<property>
		<name>Scale</name>
		<type>enum</type>
		<size_in_bytes>2</size_in_bytes>
		<offset>14</offset>
		<enum_entry name="Full" value="0"></enum_entry>
		<enum_entry name="Half" value="1"></enum_entry>
    </property>
    

</object>
