<?xml version="1.0" encoding="UTF-8"?>
<object>
    <!--The name of the object as it appears in the editor-->
    <name>Red green status light</name>
    <!--Object type id, you should NOT change this-->
    <type>97</type>
    <!--Object total length in bytes, you should NOT change this-->
    <length>32</length>
    <!--If a new object of this type is created this will be its default rect width-->
    <default_w>24</default_w>
    <!--If a new object of this type is created this will be its default rect height-->
    <default_h>24</default_h>
	
	<property>
		<name>Id</name>
		<type>int</type>
		<size_in_bytes>2</size_in_bytes>
		<offset>0</offset>
	</property>

    <property>
		<name>Scale</name>
		<type>enum</type>
		<size_in_bytes>2</size_in_bytes>
		<offset>2</offset>
		<enum_entry name="Full" value="0"></enum_entry>
		<enum_entry name="Half" value="1"></enum_entry>
    </property>
	
    <property>
		<name>Other Id 1</name>
		<type>int</type>
		<size_in_bytes>2</size_in_bytes>
		<offset>4</offset>
    </property>
	
    <property>
		<name>Other Id 2</name>
		<type>int</type>
		<size_in_bytes>2</size_in_bytes>
		<offset>6</offset>
    </property>
	 
	<property>
		<name>Other Id 3</name>
		<type>int</type>
		<size_in_bytes>2</size_in_bytes>
		<offset>8</offset>
    </property>
	
	<property>
		<name>Other Id 4</name>
		<type>int</type>
		<size_in_bytes>2</size_in_bytes>
		<offset>10</offset>
    </property>
	
	<property>
		<name>Other Id 5</name>
		<type>int</type>
		<size_in_bytes>2</size_in_bytes>
		<offset>12</offset>
    </property>
	
	<property>
		<name>Snap to grid</name>
		<type>enum</type>
		<size_in_bytes>2</size_in_bytes>
		<offset>14</offset>
		<enum_entry name="Yes" value="1"></enum_entry>
		<enum_entry name="No" value="0"></enum_entry>
    </property>

		
</object>
