<?xml version="1.0" encoding="UTF-8"?>
<object>
    <!--The name of the object as it appears in the editor-->
    <name>Fart Machine</name>
    <!--Object type id, you should NOT change this-->
    <type>101</type>
    <!--Object total length in bytes, you should NOT change this-->
    <length>20</length>
    <!--If a new object of this type is created this will be its default rect width-->
    <default_w>24</default_w>
    <!--If a new object of this type is created this will be its default rect height-->
    <default_h>39</default_h>
    
    <property>
		<name>Number of brews</name>
		<type>int</type>
		<size_in_bytes>2</size_in_bytes>
		<offset>0</offset>
	</property>
    
</object>
