<?xml version="1.0" encoding="UTF-8"?>
<object>
    <!--The name of the object as it appears in the editor-->
    <name>Naked slig button</name>
    <!--Object type id, you should NOT change this-->
    <type>107</type>
    <!--Object total length in bytes, you should NOT change this-->
    <length>28</length>
    <!--If a new object of this type is created this will be its default rect width-->
    <default_w>24</default_w>
    <!--If a new object of this type is created this will be its default rect height-->
    <default_h>24</default_h>
	
	<property>
		<name>Scale</name>
		<type>enum</type>
		<size_in_bytes>2</size_in_bytes>
		<offset>0</offset>
		<enum_entry name="Full" value="0"></enum_entry>
		<enum_entry name="Half" value="1"></enum_entry>
    </property>
	
	<property>
		<name>Id</name>
		<type>int</type>
		<size_in_bytes>2</size_in_bytes>
		<offset>2</offset>
    </property>
	
	<property>
		<name>Id action</name>
		<type>enum</type>
		<size_in_bytes>2</size_in_bytes>
		<offset>4</offset>
		<enum_entry name="Turn on" value="0"></enum_entry>
		<enum_entry name="Turn off" value="1"></enum_entry>
		<enum_entry name="Toggle" value="2"></enum_entry>
		<enum_entry name="Inc" value="3"></enum_entry>
		<enum_entry name="Dec" value="4"></enum_entry>
    </property> 
    
	<property>
		<name>On sound</name>
		<type>enum</type>
		<size_in_bytes>2</size_in_bytes>
		<offset>6</offset>
		<enum_entry name="None" value="0"></enum_entry>
		<enum_entry name="Well" value="1"></enum_entry>
		<enum_entry name="Bell" value="2"></enum_entry>
		<enum_entry name="Door" value="3"></enum_entry>
		<enum_entry name="Electric wall" value="4"></enum_entry>
		<enum_entry name="Moving bomb" value="5"></enum_entry>
		<enum_entry name="Slamdoor" value="6"></enum_entry>
    </property>
	
    <property>
		<name>Off sound</name>
		<type>enum</type>
		<size_in_bytes>2</size_in_bytes>
		<offset>8</offset>
		<enum_entry name="None" value="0"></enum_entry>
		<enum_entry name="Well" value="1"></enum_entry>
		<enum_entry name="Bell" value="2"></enum_entry>
		<enum_entry name="Door" value="3"></enum_entry>
		<enum_entry name="Electric wall" value="4"></enum_entry>
		<enum_entry name="Moving bomb" value="5"></enum_entry>
		<enum_entry name="Slamdoor" value="6"></enum_entry>
    </property>
	
	<property>
		<name>Sound direction</name>
		<type>enum</type>
		<size_in_bytes>2</size_in_bytes>
		<offset>10</offset>	
		<enum_entry name="Center" value="0"></enum_entry>
		<enum_entry name="Left" value="1"></enum_entry>
		<enum_entry name="Right" value="2"></enum_entry>
    </property>

	
</object>
