<?xml version="1.0" encoding="UTF-8"?>
<object>
    <!--The name of the object as it appears in the editor-->
    <name>Glukkon switch</name>
    <!--Object type id, you should NOT change this-->
    <type>108</type>
    <!--Object total length in bytes, you should NOT change this-->
    <length>28</length>
    <!--If a new object of this type is created this will be its default rect width-->
    <default_w>23</default_w>
    <!--If a new object of this type is created this will be its default rect height-->
    <default_h>62</default_h>
</object>
