<?xml version="1.0" encoding="UTF-8"?>
<object>
  <!--The name of the object as it appears in the editor-->
  <name>Continue point</name>

  <!--Object type id, you should NOT change this-->
  <type>0</type>

  <!--Object total length in bytes, you should NOT change this-->
  <length>36</length>

  <!--If a new object of this type is created this will be its default rect width-->
  <default_w>25</default_w>

  <!--If a new object of this type is created this will be its default rect height-->
  <default_h>108</default_h>

  <description>Place this in a screen where Abe will repawn when dead. The screen where Abe dies must have a continue zone with the same Id as this object.</description>

  <property>
    <name>Zone number</name>
    <type>int</type>
    <size_in_bytes>2</size_in_bytes>
    <offset>0</offset>
	<default>0</default>
  </property>

  <property>
    <name>Clear from Id</name>
    <type>int</type>
    <size_in_bytes>2</size_in_bytes>
    <offset>2</offset>
	<default>0</default>
  </property>

  <property>
    <name>Clear to Id</name>
    <type>int</type>
    <size_in_bytes>2</size_in_bytes>
    <offset>4</offset>
  </property>

  <property>
    <name>Elum restarts</name>
    <type>bool</type>
    <size_in_bytes>2</size_in_bytes>
    <offset>6</offset>
  </property>

  <property>
    <name>Abe direction</name>
    <type>enum</type>
    <size_in_bytes>4</size_in_bytes>
    <offset>8</offset>
	<enum_entry name="Left" value="1"></enum_entry>
	<enum_entry name="Right" value="0"></enum_entry>
  </property>

</object>
