<?xml version="1.0" encoding="UTF-8"?>
<object>
    <!--The name of the object as it appears in the editor-->
    <name>Death drop</name>
    <!--Object type id, you should NOT change this-->
    <type>5</type>
    <!--Object total length in bytes, you should NOT change this-->
    <length>36</length>
    <!--If a new object of this type is created this will be its default rect width-->
    <default_w>439</default_w>
    <!--If a new object of this type is created this will be its default rect height-->
    <default_h>28</default_h>
	
	<property>
		<name>Animation</name>
		<type>int</type>
		<size_in_bytes>2</size_in_bytes>
		<offset>0</offset>
	</property>
		
	<property>
		<name>Sound</name>
		<type>int</type>
		<size_in_bytes>2</size_in_bytes>
		<offset>2</offset>
	</property>
		
	<property>
		<name>Id</name>
		<type>int</type>
		<size_in_bytes>2</size_in_bytes>
		<offset>4</offset>
	</property>
	
	<property>
		<name>Action</name>
		<type>enum</type>
		<size_in_bytes>2</size_in_bytes>
		<offset>6</offset>
		<enum_entry name="On" value="0"></enum_entry>
		<enum_entry name="Off" value="1"></enum_entry>
		<enum_entry name="Toggle" value="2"></enum_entry>
		<enum_entry name="Inc" value="3"></enum_entry>
		<enum_entry name="Dec" value="4"></enum_entry>
		<enum_entry name="Set" value="5"></enum_entry>	
	</property>
		
	<property>
		<name>Set value</name>
		<type>int</type>
		<size_in_bytes>4</size_in_bytes>
		<offset>8</offset>
	</property>
</object>
