<?xml version="1.0" encoding="UTF-8"?>
<object>
    <!--The name of the object as it appears in the editor-->
    <name>Door</name>
    <!--Object type id, you should NOT change this-->
    <type>6</type>
    <!--Object total length in bytes, you should NOT change this-->
    <length>72</length>
    <!--If a new object of this type is created this will be its default rect width-->
    <default_w>24</default_w>
    <!--If a new object of this type is created this will be its default rect height-->
    <default_h>24</default_h>
	
	<property>
		<name>Level</name>
		<type>int</type>
		<size_in_bytes>2</size_in_bytes>
		<offset>0</offset>
	</property>
	
  	<property>
		<name>Path</name>
		<type>int</type>
		<size_in_bytes>2</size_in_bytes>
		<offset>2</offset>
	</property>
	
	<property>
		<name>Camera</name>
		<type>int</type>
		<size_in_bytes>2</size_in_bytes>
		<offset>4</offset>
	</property>
	
	<property>
		<name>Door scale</name>
		<type>int</type>
		<size_in_bytes>2</size_in_bytes>
		<offset>6</offset>
	</property>
	
	<property>
		<name>Source Door ID</name>
		<type>int</type>
		<size_in_bytes>2</size_in_bytes>
		<offset>8</offset>
	</property>
	
	<property>
		<name>Switch ID</name>
		<type>int</type>
		<size_in_bytes>2</size_in_bytes>
		<offset>10</offset>
	</property>
	
	<property>
		<name>Target Door ID</name>
		<type>int</type>
		<size_in_bytes>2</size_in_bytes>
		<offset>12</offset>
	</property>
	
	<property>
		<name>Start state</name>
		<type>int</type>
		<size_in_bytes>2</size_in_bytes>
		<offset>14</offset>
	</property>
			
	<property>
		<name>Door Closed</name>
		<type>int</type>
		<size_in_bytes>2</size_in_bytes>
		<offset>16</offset>
	</property>
	
	<property>
		<name>Id 1</name>
		<type>int</type>
		<size_in_bytes>2</size_in_bytes>
		<offset>18</offset>
	</property>
	
	<property>
		<name>Id 2</name>
		<type>int</type>
		<size_in_bytes>2</size_in_bytes>
		<offset>20</offset>
	</property>
	
	<property>
		<name>Id 3</name>
		<type>int</type>
		<size_in_bytes>2</size_in_bytes>
		<offset>22</offset>
	</property>
	
	<property>
		<name>Id 4</name>
		<type>int</type>
		<size_in_bytes>2</size_in_bytes>
		<offset>24</offset>
	</property>
	
	<property>
		<name>Id 5</name>
		<type>int</type>
		<size_in_bytes>2</size_in_bytes>
		<offset>26</offset>
	</property>
		
	<property>
		<name>Id 6</name>
		<type>int</type>
		<size_in_bytes>2</size_in_bytes>
		<offset>28</offset>
	</property>
		
	<property>
		<name>Id 7</name>
		<type>int</type>
		<size_in_bytes>2</size_in_bytes>
		<offset>30</offset>
	</property>
	
	<property>
		<name>Id 8</name>
		<type>int</type>
		<size_in_bytes>2</size_in_bytes>
		<offset>32</offset>
	</property>
	
	<property>
		<name>Effect</name>
		<type>int</type>
		<size_in_bytes>2</size_in_bytes>
		<offset>34</offset>
	</property>
		
	<property>
		<name>Movie</name>
		<type>int</type>
		<size_in_bytes>2</size_in_bytes>
		<offset>36</offset>
	</property>
		
	<property>
		<name>XOff</name>
		<type>int</type>
		<size_in_bytes>2</size_in_bytes>
		<offset>38</offset>
	</property>
	
	<property>
		<name>YOff</name>
		<type>int</type>
		<size_in_bytes>2</size_in_bytes>
		<offset>40</offset>
	</property>
	
	<property>
		<name>Effect X start</name>
		<type>int</type>
		<size_in_bytes>2</size_in_bytes>
		<offset>42</offset>
	</property>
	
	<property>
		<name>Effect Y start</name>
		<type>int</type>
		<size_in_bytes>2</size_in_bytes>
		<offset>44</offset>
	</property>
		
	<property>
		<name>Abe direction</name>
		<type>int</type>
		<size_in_bytes>2</size_in_bytes>
		<offset>46</offset>
	</property>
</object>
