<?xml version="1.0" encoding="UTF-8"?>
<object>
  <!--The name of the object as it appears in the editor-->
  <name>Shadow</name>

  <!--Object type id, you should NOT change this-->
  <type>7</type>

  <!--Object total length in bytes, you should NOT change this-->
  <length>40</length>

  <!--If a new object of this type is created this will be its default rect width-->
  <default_w>195</default_w>

  <!--If a new object of this type is created this will be its default rect height-->
  <default_h>100</default_h>


  <property>
    <name>Center w</name>
    <type>int</type>
    <size_in_bytes>2</size_in_bytes>
    <offset>0</offset>
  </property>

  <property>
    <name>Center h</name>
    <type>int</type>
    <size_in_bytes>2</size_in_bytes>
    <offset>2</offset>
  </property>

  <property>
    <name>Red 1</name>
    <type>int</type>
    <size_in_bytes>1</size_in_bytes>
    <offset>4</offset>
  </property>

  <property>
    <name>Green 1</name>
    <type>int</type>
    <size_in_bytes>1</size_in_bytes>
    <offset>5</offset>
  </property>

  <property>
    <name>Blue 1</name>
    <type>int</type>
    <size_in_bytes>1</size_in_bytes>
    <offset>6</offset>
  </property>

  <property>
    <name>Red 2</name>
    <type>int</type>
    <size_in_bytes>1</size_in_bytes>
    <offset>7</offset>
  </property>

  <property>
    <name>Green 2</name>
    <type>int</type>
    <size_in_bytes>1</size_in_bytes>
    <offset>8</offset>
  </property>

  <property>
    <name>Blue 2</name>
    <type>int</type>
    <size_in_bytes>1</size_in_bytes>
    <offset>9</offset>
  </property>

  <property>
    <name>Id</name>
    <type>int</type>
    <size_in_bytes>2</size_in_bytes>
    <offset>10</offset>
  </property>

  <property>
    <name>Scale</name>
    <type>int</type>
    <size_in_bytes>4</size_in_bytes>
    <offset>12</offset>
  </property>

</object>
