<?xml version="1.0" encoding="UTF-8"?>
<object>
    <!--The name of the object as it appears in the editor-->
    <name>Express well</name>
    <!--Object type id, you should NOT change this-->
    <type>11</type>
    <!--Object total length in bytes, you should NOT change this-->
    <length>52</length>
    <!--If a new object of this type is created this will be its default rect width-->
    <default_w>24</default_w>
    <!--If a new object of this type is created this will be its default rect height-->
    <default_h>24</default_h>
	
	<property>
		<name>Scale</name>
		<type>int</type>
		<size_in_bytes>2</size_in_bytes>
		<offset>0</offset>
	</property>
		
	<property>
		<name>Id</name>
		<type>int</type>
		<size_in_bytes>2</size_in_bytes>
		<offset>2</offset>
	</property>
	
  	<property>
		<name>Well Id</name>
		<type>int</type>
		<size_in_bytes>2</size_in_bytes>
		<offset>4</offset>
	</property>
	
    <property>
		<name>Resource num</name>
		<type>int</type>
		<size_in_bytes>2</size_in_bytes>
		<offset>6</offset>
	</property>
	    
	<property>
		<name>Fall XPos</name>
		<type>int</type>
		<size_in_bytes>2</size_in_bytes>
		<offset>8</offset>
		<signed>true</signed>
	</property>
	
	<property>
		<name>Fall YPos</name>
		<type>int</type>
		<size_in_bytes>2</size_in_bytes>
		<offset>10</offset>
		<signed>true</signed>
	</property>
		
	<property>
		<name>Off XPos</name>
		<type>int</type>
		<size_in_bytes>2</size_in_bytes>
		<offset>12</offset>
		<signed>true</signed>
	</property>
	
	<property>
		<name>Off YPos</name>
		<type>int</type>
		<size_in_bytes>2</size_in_bytes>
		<offset>14</offset>
		<signed>true</signed>
	</property>
	
	<property>
		<name>On XPos</name>
		<type>int</type>
		<size_in_bytes>2</size_in_bytes>
		<offset>16</offset>
		<signed>true</signed>
	</property>
		
	<property>
		<name>On YPos</name>
		<type>int</type>
		<size_in_bytes>2</size_in_bytes>
		<offset>18</offset>
		<signed>true</signed>
	</property>
		
	<property>
		<name>Show leaves when on</name>
		<type>int</type>
		<size_in_bytes>2</size_in_bytes>
		<offset>20</offset>
	</property>
		
	<property>
		<name>Leaf XPos</name>
		<type>int</type>
		<size_in_bytes>2</size_in_bytes>
		<offset>22</offset>
	</property>
	
	<property>
		<name>Leaf YPos</name>
		<type>int</type>
		<size_in_bytes>4</size_in_bytes>
		<offset>24</offset>
	</property>
	
</object>
