<?xml version="1.0" encoding="UTF-8"?>
<object>
  <!--The name of the object as it appears in the editor-->
  <name>Switch</name>

  <!--Object type id, you should NOT change this-->
  <type>26</type>

  <!--Object total length in bytes, you should NOT change this-->
  <length>36</length>

  <!--If a new object of this type is created this will be its default rect width-->
  <default_w>75</default_w>

  <!--If a new object of this type is created this will be its default rect height-->
  <default_h>26</default_h>

  <property>
    <name>Trigger object</name>
    <type>int</type>
    <size_in_bytes>2</size_in_bytes>
    <offset>0</offset>
  </property>

  <property>
    <name>Trigger object action</name>
    <type>int</type>
    <size_in_bytes>2</size_in_bytes>
    <offset>2</offset>
  </property>

  <property>
    <name>Scale</name>
    <type>int</type>
    <size_in_bytes>2</size_in_bytes>
    <offset>4</offset>
  </property>

  <property>
    <name>On sound</name>
    <type>int</type>
    <size_in_bytes>2</size_in_bytes>
    <offset>6</offset>
  </property>

  <property>
    <name>Off sound</name>
    <type>int</type>
    <size_in_bytes>2</size_in_bytes>
    <offset>8</offset>
  </property>

  <property>
    <name>Sound direction</name>
    <type>int</type>
    <size_in_bytes>2</size_in_bytes>
    <offset>10</offset>
  </property>

</object>
