<?xml version="1.0" encoding="UTF-8"?>
<object>
    <!--The name of the object as it appears in the editor-->
    <name>Swarm hole</name>
    <!--Object type id, you should NOT change this-->
    <type>34</type>
    <!--Object total length in bytes, you should NOT change this-->
    <length>40</length>
    <!--If a new object of this type is created this will be its default rect width-->
    <default_w>24</default_w>
    <!--If a new object of this type is created this will be its default rect height-->
    <default_h>24</default_h>
	
	<property>
		<name>What to spawn</name>
		<type>enum</type>
		<size_in_bytes>2</size_in_bytes>
		<offset>0</offset>
		<enum_entry name="Swarm" value="0"></enum_entry>
		<enum_entry name="Bats" value="1"></enum_entry>
	</property>
	
  	<property>
		<name>Interval (ticks)</name>
		<type>int</type>
		<size_in_bytes>2</size_in_bytes>
		<offset>2</offset>
	</property>
	    
	<property>
		<name>Id</name>
		<type>int</type>
		<size_in_bytes>2</size_in_bytes>
		<offset>4</offset>
	</property>
	
	<property>
		<name>Movement</name>
		<type>enum</type>
		<size_in_bytes>2</size_in_bytes>
		<offset>6</offset>
		<enum_entry name="Hover" value="0"></enum_entry>
		<enum_entry name="Attack" value="1"></enum_entry>
		<enum_entry name="Follow path" value="2"></enum_entry>
	</property>
		
	<property>
		<name>Size</name>
		<type>int</type>
		<size_in_bytes>2</size_in_bytes>
		<offset>8</offset>
	</property>
	
	<property>
		<name>Chase time (ticks)</name>
		<type>int</type>
		<size_in_bytes>2</size_in_bytes>
		<offset>10</offset>
	</property>
	
	<property>
		<name>Speed</name>
		<type>int</type>
		<size_in_bytes>2</size_in_bytes>
		<offset>12</offset>
	</property>
	
	<property>
		<name>Scale</name>
		<type>enum</type>
		<size_in_bytes>2</size_in_bytes>
		<offset>14</offset>
		<enum_entry name="Full" value="0"></enum_entry>
		<enum_entry name="Half" value="1"></enum_entry>
		<enum_entry name="3/4ths" value="1"></enum_entry>
	</property>
	
</object>
