<?xml version="1.0" encoding="UTF-8"?>
<object>
    <!--The name of the object as it appears in the editor-->
    <name>Well</name>
    <!--Object type id, you should NOT change this-->
    <type>45</type>
    <!--Object total length in bytes, you should NOT change this-->
    <length>60</length>
    <!--If a new object of this type is created this will be its default rect width-->
    <default_w>13</default_w>
    <!--If a new object of this type is created this will be its default rect height-->
    <default_h>24</default_h>
	
	<property>
		<name>Scale</name>
		<type>enum</type>
		<size_in_bytes>2</size_in_bytes>
		<offset>0</offset>
		<enum_entry name="Full" value="0"></enum_entry>
		<enum_entry name="Half" value="1"></enum_entry>
		<enum_entry name="3/4ths" value="2"></enum_entry>
	</property>
	
  	<property>
		<name>Id</name>
		<type>int</type>
		<size_in_bytes>2</size_in_bytes>
		<offset>2</offset>
	</property>
	
    <property>
		<name>Well Id</name>
		<type>int</type>
		<size_in_bytes>2</size_in_bytes>
		<offset>4</offset>
	</property>
	    
	<property>
		<name>Resource Id</name>
		<type>int</type>
		<size_in_bytes>2</size_in_bytes>
		<offset>6</offset>
	</property>
	
	<property>
		<name>Fall XPos</name>
		<type>int</type>
		<size_in_bytes>2</size_in_bytes>
		<offset>8</offset>
		<signed>true</signed>
	</property>
	
	<property>
		<name>Fall YPos</name>
		<type>int</type>
		<size_in_bytes>2</size_in_bytes>
		<offset>10</offset>
		<signed>true</signed>
	</property>
		
	<property>
		<name>Off level</name>
		<type>int</type>
		<size_in_bytes>2</size_in_bytes>
		<offset>12</offset>
	</property>
		
	<property>
		<name>Off path</name>
		<type>int</type>
		<size_in_bytes>2</size_in_bytes>
		<offset>14</offset>
	</property>
		
	<property>
		<name>Off camera</name>
		<type>int</type>
		<size_in_bytes>2</size_in_bytes>
		<offset>16</offset>
	</property>
		
	<property>
		<name>Off well</name>
		<type>int</type>
		<size_in_bytes>2</size_in_bytes>
		<offset>18</offset>
	</property>
		
	<property>
		<name>On level</name>
		<type>int</type>
		<size_in_bytes>2</size_in_bytes>
		<offset>20</offset>
	</property>
	
	<property>
		<name>On path</name>
		<type>int</type>
		<size_in_bytes>2</size_in_bytes>
		<offset>22</offset>
	</property>
	
	<property>
		<name>On camera</name>
		<type>int</type>
		<size_in_bytes>2</size_in_bytes>
		<offset>24</offset>
	</property>
		
	<property>
		<name>On well</name>
		<type>int</type>
		<size_in_bytes>2</size_in_bytes>
		<offset>26</offset>
	</property>
	
	<property>
		<name>Leaves when on</name>
		<type>enum</type>
		<size_in_bytes>2</size_in_bytes>
		<offset>28</offset>
		<enum_entry name="Yes" value="1"></enum_entry>
		<enum_entry name="no" value="0"></enum_entry>
	</property>
	
	<property>
		<name>Leaf X</name>
		<type>int</type>
		<size_in_bytes>2</size_in_bytes>
		<offset>30</offset>
	</property>
	
	<property>
		<name>Leaf Y</name>
		<type>int</type>
		<size_in_bytes>2</size_in_bytes>
		<offset>32</offset>
	</property>
	
	<property>
		<name>Movie</name>
		<type>int</type>
		<size_in_bytes>2</size_in_bytes>
		<offset>34</offset>
	</property>
</object>
