<?xml version="1.0" encoding="UTF-8"?>
<object>
    <!--The name of the object as it appears in the editor-->
    <name>Paramite</name>
    <!--Object type id, you should NOT change this-->
    <type>48</type>
    <!--Object total length in bytes, you should NOT change this-->
    <length>44</length>
    <!--If a new object of this type is created this will be its default rect width-->
    <default_w>24</default_w>
    <!--If a new object of this type is created this will be its default rect height-->
    <default_h>24</default_h>
	
	<require_file>Paramite.bnd</require_file>
	
	<property>
		<name>Scale</name>
		<type>enum</type>
		<size_in_bytes>2</size_in_bytes>
		<offset>0</offset>
		<enum_entry name="Full" value="0"></enum_entry>
		<enum_entry name="Half" value="1"></enum_entry>
		<enum_entry name="3/4ths" value="2"></enum_entry>
	</property>
	
  	<property>
		<name>Entrance</name>
		<type>enum</type>
		<size_in_bytes>2</size_in_bytes>
		<offset>2</offset>
		<enum_entry name="On ground" value="0"></enum_entry>
		<enum_entry name="Drop in" value="1"></enum_entry>
	</property>
	    
	<property>
		<name>Attack delay</name>
		<type>int</type>
		<size_in_bytes>2</size_in_bytes>
		<offset>4</offset>
	</property>
	
	<property>
		<name>Meat eating time</name>
		<type>int</type>
		<size_in_bytes>2</size_in_bytes>
		<offset>6</offset>
	</property>
		
	<property>
		<name>Attack duration</name>
		<type>int</type>
		<size_in_bytes>2</size_in_bytes>
		<offset>8</offset>
	</property>
		
	<property>
		<name>Disable resources</name>
		<type>int</type>
		<size_in_bytes>2</size_in_bytes>
		<offset>10</offset>
	</property>
		
	<property>
		<name>Id</name>
		<type>int</type>
		<size_in_bytes>2</size_in_bytes>
		<offset>12</offset>
	</property>
	  	
	<property>
		<name>Hiss before attack</name>
		<type>enum</type>
		<size_in_bytes>2</size_in_bytes>
		<offset>14</offset>
		<enum_entry name="No" value="0"></enum_entry>
		<enum_entry name="Yes" value="1"></enum_entry>
	</property>
		
	<property>
		<name>Unload when far away</name>
		<type>enum</type>
		<size_in_bytes>4</size_in_bytes>
		<offset>16</offset>
		<enum_entry name="No" value="0"></enum_entry>
		<enum_entry name="Yes" value="1"></enum_entry>
	</property>
</object>
