<?xml version="1.0" encoding="UTF-8"?>
<object>
    <!--The name of the object as it appears in the editor-->
    <name>Ring mud</name>
    <!--Object type id, you should NOT change this-->
    <type>50</type>
    <!--Object total length in bytes, you should NOT change this-->
    <length>44</length>
    <!--If a new object of this type is created this will be its default rect width-->
    <default_w>24</default_w>
    <!--If a new object of this type is created this will be its default rect height-->
    <default_h>24</default_h>
	
	<property>
		<name>Facing</name>
		<type>enum</type>
		<size_in_bytes>2</size_in_bytes>
		<offset>0</offset>
		<enum_entry name="Left" value="0"></enum_entry>
		<enum_entry name="Right" value="1"></enum_entry>
	</property>
	
  	<property>
		<name>Abe must be same direction</name>
		<type>enum</type>
		<size_in_bytes>2</size_in_bytes>
		<offset>2</offset>
		<enum_entry name="Yes" value="1"></enum_entry>
		<enum_entry name="no" value="0"></enum_entry>
	</property>
	
	<property>
		<name>Scale</name>
		<type>enum</type>
		<size_in_bytes>2</size_in_bytes>
		<offset>4</offset>
		<enum_entry name="Full" value="0"></enum_entry>
		<enum_entry name="Half" value="1"></enum_entry>
		<enum_entry name="3/4ths" value="2"></enum_entry>
	</property>
	
	<property>
		<name>Silent</name>
		<type>enum</type>
		<size_in_bytes>2</size_in_bytes>
		<offset>6</offset>
		<enum_entry name="Yes" value="1"></enum_entry>
		<enum_entry name="no" value="0"></enum_entry>
	</property>
	
	<property>
		<name>Code Part 1</name>
		<type>int</type>
		<size_in_bytes>2</size_in_bytes>
		<offset>8</offset>
	</property>
	
	<property>
		<name>Code Part 2</name>
		<type>int</type>
		<size_in_bytes>2</size_in_bytes>
		<offset>10</offset>
	</property>
	
	<property>
		<name>Action</name>
		<type>enum</type>
		<size_in_bytes>2</size_in_bytes>
		<offset>12</offset>
		<enum_entry name="Pull switch" value="0"></enum_entry>
		<enum_entry name="Ring power up" value="1"></enum_entry>
	</property>
	
	<property>
		<name>Ring timeout</name>
		<type>int</type>
		<size_in_bytes>2</size_in_bytes>
		<offset>14</offset>
	</property>
	
	<property>
		<name>Instant powerup</name>
		<type>enum</type>
		<size_in_bytes>4</size_in_bytes>
		<offset>16</offset>
		<enum_entry name="Yes" value="1"></enum_entry>
		<enum_entry name="no" value="0"></enum_entry>
	</property>
	
</object>
