<?xml version="1.0" encoding="UTF-8"?>
<object>
  <!--The name of the object as it appears in the editor-->
  <name>Bird portal</name>

  <!--Object type id, you should NOT change this-->
  <type>52</type>

  <!--Object total length in bytes, you should NOT change this-->
  <length>40</length>

  <!--If a new object of this type is created this will be its default rect width-->
  <default_w>24</default_w>

  <!--If a new object of this type is created this will be its default rect height-->
  <default_h>24</default_h>


  <property>
    <name>Side</name>
    <type>enum</type>
    <size_in_bytes>2</size_in_bytes>
    <offset>0</offset>
	<enum_entry name="Left" value="1"></enum_entry>
	<enum_entry name="Right" value="0"></enum_entry>
  </property>

  <property>
    <name>Dest level</name>
    <type>int</type>
    <size_in_bytes>2</size_in_bytes>
    <offset>2</offset>
  </property>

  <property>
    <name>Dest path</name>
    <type>int</type>
    <size_in_bytes>2</size_in_bytes>
    <offset>4</offset>
  </property>

  <property>
    <name>Dest camera</name>
    <type>int</type>
    <size_in_bytes>2</size_in_bytes>
    <offset>6</offset>
  </property>

  <property>
    <name>Scale</name>
    <type>enum</type>
    <size_in_bytes>2</size_in_bytes>
    <offset>8</offset>
	<enum_entry name="Full" value="0"></enum_entry>
	<enum_entry name="Half" value="1"></enum_entry>
	<enum_entry name="3/4ths" value="2"></enum_entry>
  </property>

  <property>
    <name>Movie</name>
    <type>int</type>
    <size_in_bytes>2</size_in_bytes>
    <offset>10</offset>
  </property>

  <property>
    <name>Portal type</name>
    <type>enum</type>
    <size_in_bytes>2</size_in_bytes>
    <offset>12</offset>
	<enum_entry name="Abe" value="0"></enum_entry>
	<enum_entry name="Worker mud" value="1"></enum_entry>
	<enum_entry name="Shrykll" value="2"></enum_entry>
  </property>

  <property>
    <name>Num muds for shrykll</name>
    <type>int</type>
    <size_in_bytes>2</size_in_bytes>
    <offset>14</offset>
  </property>

</object>
