<?xml version="1.0" encoding="UTF-8"?>
<object>
  <!--The name of the object as it appears in the editor-->
  <name>Trap door</name>

  <!--Object type id, you should NOT change this-->
  <type>55</type>

  <!--Object total length in bytes, you should NOT change this-->
  <length>40</length>

  <!--If a new object of this type is created this will be its default rect width-->
  <default_w>52</default_w>

  <!--If a new object of this type is created this will be its default rect height-->
  <default_h>24</default_h>

  <property>
    <name>Id</name>
    <type>int</type>
    <size_in_bytes>2</size_in_bytes>
    <offset>0</offset>
  </property>

  <property>
    <name>Start state</name>
    <type>enum</type>
    <size_in_bytes>2</size_in_bytes>
    <offset>2</offset>
	<enum_entry name="Open" value="0"></enum_entry>
	<enum_entry name="Closed" value="1"></enum_entry>
  </property>

  <property>
    <name>Self closing</name>
    <type>enum</type>
    <size_in_bytes>2</size_in_bytes>
    <offset>4</offset>
	<enum_entry name="No" value="0"></enum_entry>
	<enum_entry name="Yes" value="1"></enum_entry>
  </property>

  <property>
    <name>Scale</name>
    <type>enum</type>
    <size_in_bytes>2</size_in_bytes>
    <offset>6</offset>
	<enum_entry name="Full" value="0"></enum_entry>
	<enum_entry name="Half" value="1"></enum_entry>
	<enum_entry name="3/4ths" value="2"></enum_entry>
  </property>
  
  <property>
    <name>Level num</name>
    <type>int</type>
    <size_in_bytes>2</size_in_bytes>
    <offset>8</offset>
  </property>

  <property>
    <name>Direction</name>
    <type>enum</type>
    <size_in_bytes>2</size_in_bytes>
    <offset>10</offset>
	<enum_entry name="Right" value="0"></enum_entry>
	<enum_entry name="Left" value="1"></enum_entry>
  </property>

  <property>
    <name>Anim offset</name>
    <type>int</type>
    <size_in_bytes>4</size_in_bytes>
    <offset>12</offset>
  </property>


</object>
