<?xml version="1.0" encoding="UTF-8"?>
<object>
  <!--The name of the object as it appears in the editor-->
  <name>Slig left bound</name>

  <!--Object type id, you should NOT change this-->
  <type>57</type>

  <!--Object total length in bytes, you should NOT change this-->
  <length>28</length>

  <!--If a new object of this type is created this will be its default rect width-->
  <default_w>26</default_w>

  <!--If a new object of this type is created this will be its default rect height-->
  <default_h>27</default_h>

  <property>
    <name>Slig ID</name>
    <type>int</type>
    <size_in_bytes>2</size_in_bytes>
    <offset>0</offset>
  </property>

  <property>
    <name>Disable resources</name>
    <type>int</type>
    <size_in_bytes>2</size_in_bytes>
    <offset>2</offset>
  </property>
</object>
