<?xml version="1.0" encoding="UTF-8"?>
<object>
  <!--The name of the object as it appears in the editor-->
  <name>Slig spawner</name>

  <!--Object type id, you should NOT change this-->
  <type>66</type>

  <!--Object total length in bytes, you should NOT change this-->
  <length>88</length>

  <!--If a new object of this type is created this will be its default rect width-->
  <default_w>24</default_w>

  <!--If a new object of this type is created this will be its default rect height-->
  <default_h>24</default_h>

  <property>
    <name>Scale</name>
    <type>enum</type>
    <size_in_bytes>2</size_in_bytes>
    <offset>0</offset>
    <enum_entry name="Full" value="0"></enum_entry>
    <enum_entry name="Half" value="1"></enum_entry>
	<enum_entry name="3/4ths" value="2"></enum_entry>
  </property>

  <property>
    <name>Start state</name>
    <type>enum</type>
    <size_in_bytes>2</size_in_bytes>
    <offset>2</offset>
	<enum_entry name="Listening" value="0"></enum_entry>
	<enum_entry name="Paused" value="1"></enum_entry>
	<enum_entry name="Sleeping" value="2"></enum_entry>
	<enum_entry name="Chase" value="3"></enum_entry>
    <enum_entry name="Run off screen" value="4"></enum_entry>
	<enum_entry name="Game ender" value="5"></enum_entry>
  </property>

  <property>
    <name>Pause time</name>
    <type>int</type>
    <size_in_bytes>2</size_in_bytes>
    <offset>4</offset>
  </property>

  <property>
    <name>Pause left min</name>
    <type>int</type>
    <size_in_bytes>2</size_in_bytes>
    <offset>6</offset>
  </property>

  <property>
    <name>Pause left max</name>
    <type>int</type>
    <size_in_bytes>2</size_in_bytes>
    <offset>8</offset>
  </property>

  <property>
    <name>Pause right min</name>
    <type>int</type>
    <size_in_bytes>2</size_in_bytes>
    <offset>10</offset>
  </property>

  <property>
    <name>Pause right max</name>
    <type>int</type>
    <size_in_bytes>2</size_in_bytes>
    <offset>12</offset>
  </property>

  <property>
    <name>Chal type?</name>
    <type>int</type>
    <size_in_bytes>2</size_in_bytes>
    <offset>14</offset>
  </property>

  <property>
    <name>Chal time?</name>
    <type>int</type>
    <size_in_bytes>2</size_in_bytes>
    <offset>16</offset>
  </property>

  <property>
    <name>Number of times to shoot</name>
    <type>int</type>
    <size_in_bytes>2</size_in_bytes>
    <offset>18</offset>
  </property>

    <property>
    <name>Unknown</name>
    <type>int</type>
    <size_in_bytes>2</size_in_bytes>
    <offset>20</offset>
  </property>
  
  <property>
    <name>Code 1</name>
    <type>int</type>
    <size_in_bytes>2</size_in_bytes>
    <offset>22</offset>
  </property>

  <property>
    <name>Code 2</name>
    <type>int</type>
    <size_in_bytes>2</size_in_bytes>
    <offset>24</offset>
  </property>

  <property>
    <name>Chase abe</name>
    <type>enum</type>
    <size_in_bytes>2</size_in_bytes>
    <offset>26</offset>
	<enum_entry name="Yes" value="1"></enum_entry>
	<enum_entry name="No" value="0"></enum_entry>
  </property>

  <property>
    <name>Start direction</name>
    <type>enum</type>
    <size_in_bytes>2</size_in_bytes>
    <offset>28</offset>
	<enum_entry name="Left" value="0"></enum_entry>
	<enum_entry name="Right" value="1"></enum_entry>
  </property>

  <property>
    <name>Panic timeout</name>
    <type>int</type>
    <size_in_bytes>2</size_in_bytes>
    <offset>30</offset>
  </property>

  <property>
    <name>Num panic sounds</name>
    <type>int</type>
    <size_in_bytes>2</size_in_bytes>
    <offset>32</offset>
  </property>

  <property>
    <name>Panic sound timeout</name>
    <type>int</type>
    <size_in_bytes>2</size_in_bytes>
    <offset>34</offset>
  </property>

  <property>
    <name>Stop chase delay</name>
    <type>int</type>
    <size_in_bytes>2</size_in_bytes>
    <offset>36</offset>
  </property>

  <property>
    <name>Time to wait before chase</name>
    <type>int</type>
    <size_in_bytes>2</size_in_bytes>
    <offset>38</offset>
  </property>

  <property>
    <name>Slig ID</name>
    <type>int</type>
    <size_in_bytes>2</size_in_bytes>
    <offset>40</offset>
  </property>

  <property>
    <name>Listen time</name>
    <type>int</type>
    <size_in_bytes>2</size_in_bytes>
    <offset>42</offset>
  </property>

  <property>
    <name>% Say what</name>
    <type>int</type>
    <size_in_bytes>2</size_in_bytes>
    <offset>44</offset>
  </property>

  <property>
    <name>% Beat mud</name>
    <type>int</type>
    <size_in_bytes>2</size_in_bytes>
    <offset>46</offset>
  </property>

  <property>
    <name>Talk to abe</name>
    <type>enum</type>
    <size_in_bytes>2</size_in_bytes>
    <offset>48</offset>
	<enum_entry name="Yes" value="1"></enum_entry>
	<enum_entry name="No" value="0"></enum_entry>
  </property>

  <property>
    <name>Dont shoot</name>
    <type>enum</type>
    <size_in_bytes>2</size_in_bytes>
    <offset>50</offset>
	<enum_entry name="Yes" value="1"></enum_entry>
	<enum_entry name="No" value="0"></enum_entry>
  </property>

  <property>
    <name>Z shoot delay</name>
    <type>int</type>
    <size_in_bytes>2</size_in_bytes>
    <offset>52</offset>
  </property>

  <property>
    <name>Stay awake</name>
    <type>enum</type>
    <size_in_bytes>2</size_in_bytes>
    <offset>54</offset>
	<enum_entry name="Yes" value="1"></enum_entry>
	<enum_entry name="No" value="0"></enum_entry>
  </property>

  <property>
    <name>Disable resources</name>
    <type>int</type>
    <size_in_bytes>2</size_in_bytes>
    <offset>56</offset>
  </property>

  <property>
    <name>Noise wake up distance</name>
    <type>int</type>
    <size_in_bytes>2</size_in_bytes>
    <offset>58</offset>
  </property>

  <property>
    <name>Id</name>
    <type>int</type>
    <size_in_bytes>4</size_in_bytes>
    <offset>60</offset>
  </property>

</object>
