<?xml version="1.0" encoding="UTF-8"?>
<object>
  <!--The name of the object as it appears in the editor-->
  <name>Electric wall</name>

  <!--Object type id, you should NOT change this-->
  <type>67</type>

  <!--Object total length in bytes, you should NOT change this-->
  <length>32</length>

  <!--If a new object of this type is created this will be its default rect width-->
  <default_w>24</default_w>

  <!--If a new object of this type is created this will be its default rect height-->
  <default_h>24</default_h>

  <property>
    <name>Scale</name>
    <type>enum</type>
    <size_in_bytes>2</size_in_bytes>
    <offset>0</offset>
    <enum_entry name="Full" value="0"></enum_entry>
    <enum_entry name="Half" value="1"></enum_entry>
  </property>

  <property>
    <name>Id</name>
    <type>int</type>
    <size_in_bytes>2</size_in_bytes>
    <offset>2</offset>
  </property>

  <property>
    <name>Start on</name>
    <type>enum</type>
    <size_in_bytes>4</size_in_bytes>
    <offset>4</offset>
	<enum_entry name="On" value="1"></enum_entry>
    <enum_entry name="Off" value="0"></enum_entry>
  </property>

</object>
