<?xml version="1.0" encoding="UTF-8"?>
<object>
  <!--The name of the object as it appears in the editor-->
  <name>Invisible switch</name>

  <!--Object type id, you should NOT change this-->
  <type>81</type>

  <!--Object total length in bytes, you should NOT change this-->
  <length>36</length>

  <!--If a new object of this type is created this will be its default rect width-->
  <default_w>98</default_w>

  <!--If a new object of this type is created this will be its default rect height-->
  <default_h>24</default_h>

  <property>
    <name>Id</name>
    <type>int</type>
    <size_in_bytes>4</size_in_bytes>
    <offset>0</offset>
  </property>

  <property>
    <name>Action</name>
    <type>enum</type>
    <size_in_bytes>2</size_in_bytes>
    <offset>4</offset>
	<enum_entry name="On" value="0"></enum_entry>
	<enum_entry name="Off" value="1"></enum_entry>
	<enum_entry name="Toggle" value="2"></enum_entry>
	<enum_entry name="Inc" value="3"></enum_entry>
	<enum_entry name="Dec" value="4"></enum_entry>
  </property>

  <property>
    <name>Delay</name>
    <type>int</type>
    <size_in_bytes>2</size_in_bytes>
    <offset>6</offset>
  </property>

  <property>
    <name>Set off alarm</name>
    <type>enum</type>
    <size_in_bytes>2</size_in_bytes>
    <offset>8</offset>
	<enum_entry name="No" value="0"></enum_entry>
	<enum_entry name="Yes" value="1"></enum_entry>
  </property>

  <property>
    <name>Scale</name>
    <type>enum</type>
    <size_in_bytes>2</size_in_bytes>
    <offset>10</offset>
	<enum_entry name="Full" value="0"></enum_entry>
	<enum_entry name="Half" value="1"></enum_entry>
	<enum_entry name="Both" value="1"></enum_entry>
  </property>

</object>
