<?xml version="1.0" encoding="UTF-8"?>
<object>
  <!--The name of the object as it appears in the editor-->
  <name>Worker mud</name>

  <!--Object type id, you should NOT change this-->
  <type>82</type>

  <!--Object total length in bytes, you should NOT change this-->
  <length>40</length>

  <!--If a new object of this type is created this will be its default rect width-->
  <default_w>24</default_w>

  <!--If a new object of this type is created this will be its default rect height-->
  <default_h>24</default_h>

  <property>
    <name>Scale</name>
    <type>enum</type>
    <size_in_bytes>2</size_in_bytes>
    <offset>0</offset>
	<enum_entry name="Full" value="0"></enum_entry>
	<enum_entry name="Half" value="1"></enum_entry>
  </property>

  <property>
    <name>Job</name>
    <type>enum</type>
    <size_in_bytes>2</size_in_bytes>
    <offset>2</offset>
	<enum_entry name="Stand scrub" value="0"></enum_entry>
	<enum_entry name="Sit scrub" value="1"></enum_entry>
	<enum_entry name="Chant" value="2"></enum_entry>
  </property>

  <property>
    <name>Direction</name>
    <type>enum</type>
    <size_in_bytes>2</size_in_bytes>
    <offset>4</offset>
	<enum_entry name="Left" value="0"></enum_entry>
	<enum_entry name="Right" value="1"></enum_entry>
  </property>
  
  <property>
    <name>Voice adjust</name>
    <type>int</type>
    <size_in_bytes>2</size_in_bytes>
    <offset>6</offset>
  </property>

  <property>
    <name>Rescue id</name>
    <type>int</type>
    <size_in_bytes>2</size_in_bytes>
    <offset>8</offset>
  </property>

  <property>
    <name>Deaf</name>
    <type>enum</type>
    <size_in_bytes>2</size_in_bytes>
    <offset>10</offset>
	<enum_entry name="Yes" value="1"></enum_entry>
	<enum_entry name="No" value="0"></enum_entry>
  </property>

  <property>
    <name>Disable res</name>
    <type>int</type>
    <size_in_bytes>2</size_in_bytes>
    <offset>12</offset>
  </property>

  <property>
    <name>Persist</name>
    <type>enum</type>
    <size_in_bytes>2</size_in_bytes>
    <offset>14</offset>
	<enum_entry name="Yes" value="1"></enum_entry>
	<enum_entry name="No" value="0"></enum_entry>
  </property>


</object>
