<?xml version="1.0" encoding="UTF-8"?>
<object>
  <!--The name of the object as it appears in the editor-->
  <name>Meat saw</name>

  <!--Object type id, you should NOT change this-->
  <type>88</type>

  <!--Object total length in bytes, you should NOT change this-->
  <length>48</length>

  <!--If a new object of this type is created this will be its default rect width-->
  <default_w>24</default_w>

  <!--If a new object of this type is created this will be its default rect height-->
  <default_h>24</default_h>

  <property>
    <name>Scale</name>
    <type>int</type>
    <size_in_bytes>2</size_in_bytes>
    <offset>0</offset>
  </property>

  <property>
    <name>Min off time</name>
    <type>int</type>
    <size_in_bytes>2</size_in_bytes>
    <offset>2</offset>
  </property>

  <property>
    <name>Max off time</name>
    <type>int</type>
    <size_in_bytes>2</size_in_bytes>
    <offset>4</offset>
  </property>

  <property>
    <name>Max rise</name>
    <type>int</type>
    <size_in_bytes>2</size_in_bytes>
    <offset>6</offset>
  </property>

  <property>
    <name>Id</name>
    <type>int</type>
    <size_in_bytes>2</size_in_bytes>
    <offset>8</offset>
  </property>

  <property>
    <name>Type</name>
    <type>int</type>
    <size_in_bytes>2</size_in_bytes>
    <offset>10</offset>
  </property>

  <property>
    <name>Speed</name>
    <type>int</type>
    <size_in_bytes>2</size_in_bytes>
    <offset>12</offset>
  </property>

  <property>
    <name>Start state</name>
    <type>int</type>
    <size_in_bytes>2</size_in_bytes>
    <offset>14</offset>
  </property>

  <property>
    <name>Off speed</name>
    <type>int</type>
    <size_in_bytes>2</size_in_bytes>
    <offset>16</offset>
  </property>

  <property>
    <name>Min off time 2</name>
    <type>int</type>
    <size_in_bytes>2</size_in_bytes>
    <offset>18</offset>
  </property>

  <property>
    <name>Max off time 2</name>
    <type>int</type>
    <size_in_bytes>2</size_in_bytes>
    <offset>20</offset>
  </property>

  <property>
    <name>Inital position</name>
    <type>int</type>
    <size_in_bytes>2</size_in_bytes>
    <offset>22</offset>
  </property>

</object>
