<?xml version="1.0" encoding="UTF-8"?>
<object>
    <!--The name of the object as it appears in the editor-->
    <name>Mud path trans</name>
    <!--Object type id, you should NOT change this-->
    <type>89</type>
    <!--Object total length in bytes, you should NOT change this-->
    <length>32</length>
    <!--If a new object of this type is created this will be its default rect width-->
    <default_w>450</default_w>
    <!--If a new object of this type is created this will be its default rect height-->
    <default_h>28</default_h>
	
	<property>
		<name>Level</name>
		<type>int</type>
		<size_in_bytes>2</size_in_bytes>
		<offset>0</offset>
	</property>

	<property>
		<name>Path</name>
		<type>int</type>
		<size_in_bytes>2</size_in_bytes>
		<offset>2</offset>
	</property>
		
	<property>
		<name>Camera</name>
		<type>int</type>
		<size_in_bytes>4</size_in_bytes>
		<offset>4</offset>
	</property>
	
</object>
