<?xml version="1.0" encoding="UTF-8"?>
<object>
    <!--The name of the object as it appears in the editor-->
    <name>Menu controller</name>
    <!--Object type id, you should NOT change this-->
    <type>90</type>
    <!--Object total length in bytes, you should NOT change this-->
    <length>24</length>
    <!--If a new object of this type is created this will be its default rect width-->
    <default_w>24</default_w>
    <!--If a new object of this type is created this will be its default rect height-->
    <default_h>24</default_h>
</object>
