<?xml version="1.0" encoding="UTF-8"?>
<object>
  <!--The name of the object as it appears in the editor-->
  <name>Id splitter</name>

  <!--Object type id, you should NOT change this-->
  <type>94</type>

  <!--Object total length in bytes, you should NOT change this-->
  <length>36</length>

  <!--If a new object of this type is created this will be its default rect width-->
  <default_w>24</default_w>

  <!--If a new object of this type is created this will be its default rect height-->
  <default_h>24</default_h>

  <property>
    <name>Source Id</name>
    <type>int</type>
    <size_in_bytes>2</size_in_bytes>
    <offset>0</offset>
  </property>

  <property>
    <name>Delay</name>
    <type>int</type>
    <size_in_bytes>2</size_in_bytes>
    <offset>2</offset>
  </property>

  <property>
    <name>Split Id 1</name>
    <type>int</type>
    <size_in_bytes>2</size_in_bytes>
    <offset>4</offset>
  </property>

  <property>
    <name>Split Id 2</name>
    <type>int</type>
    <size_in_bytes>2</size_in_bytes>
    <offset>6</offset>
  </property>

  <property>
    <name>Split Id 3</name>
    <type>int</type>
    <size_in_bytes>2</size_in_bytes>
    <offset>8</offset>
  </property>

  <property>
    <name>Split Id 4</name>
    <type>int</type>
    <size_in_bytes>2</size_in_bytes>
    <offset>10</offset>
  </property>

</object>
