<?xml version="1.0" encoding="UTF-8"?>
<object>
  <!--The name of the object as it appears in the editor-->
  <name>Hand stone</name>

  <!--Object type id, you should NOT change this-->
  <type>100</type>

  <!--Object total length in bytes, you should NOT change this-->
  <length>44</length>

  <!--If a new object of this type is created this will be its default rect width-->
  <default_w>24</default_w>

  <!--If a new object of this type is created this will be its default rect height-->
  <default_h>24</default_h>

  <property>
    <name>Scale</name>
    <type>int</type>
    <size_in_bytes>2</size_in_bytes>
    <offset>0</offset>
  </property>

  <property>
    <name>Level 1</name>
    <type>int</type>
    <size_in_bytes>2</size_in_bytes>
    <offset>2</offset>
  </property>

  <property>
    <name>Path 1</name>
    <type>int</type>
    <size_in_bytes>2</size_in_bytes>
    <offset>4</offset>
  </property>

  <property>
    <name>Camera 1</name>
    <type>int</type>
    <size_in_bytes>2</size_in_bytes>
    <offset>6</offset>
  </property>

  <property>
    <name>Level 2</name>
    <type>int</type>
    <size_in_bytes>2</size_in_bytes>
    <offset>8</offset>
  </property>

  <property>
    <name>Path 2</name>
    <type>int</type>
    <size_in_bytes>2</size_in_bytes>
    <offset>10</offset>
  </property>

  <property>
    <name>Camera 2</name>
    <type>int</type>
    <size_in_bytes>2</size_in_bytes>
    <offset>12</offset>
  </property>

  <property>
    <name>Level 3</name>
    <type>int</type>
    <size_in_bytes>2</size_in_bytes>
    <offset>14</offset>
  </property>

  <property>
    <name>Path 3</name>
    <type>int</type>
    <size_in_bytes>2</size_in_bytes>
    <offset>16</offset>
  </property>

  <property>
    <name>Camera 3</name>
    <type>int</type>
    <size_in_bytes>2</size_in_bytes>
    <offset>18</offset>
  </property>

</object>
