<?xml version="1.0" encoding="UTF-8"?>
<object>
    <!--The name of the object as it appears in the editor-->
    <name>Reset path</name>
    <!--Object type id, you should NOT change this-->
    <type>115</type>
    <!--Object total length in bytes, you should NOT change this-->
    <length>36</length>
    <!--If a new object of this type is created this will be its default rect width-->
    <default_w>24</default_w>
    <!--If a new object of this type is created this will be its default rect height-->
    <default_h>24</default_h>
	
	<property>
		<name>Clear Ids</name>
		<type>enum</type>
		<size_in_bytes>2</size_in_bytes>
		<offset>0</offset>
		<enum_entry name="Yes" value="1"></enum_entry>
		<enum_entry name="No" value="0"></enum_entry>
	</property>
	
	<property>
		<name>From Id</name>
		<type>int</type>
		<size_in_bytes>2</size_in_bytes>
		<offset>2</offset>
	</property>
	
	<property>
		<name>To Id</name>
		<type>int</type>
		<size_in_bytes>2</size_in_bytes>
		<offset>4</offset>
	</property>
	
	<property>
		<name>Exclude Id</name>
		<type>int</type>
		<size_in_bytes>2</size_in_bytes>
		<offset>6</offset>
	</property>
	
	<property>
		<name>Clear objects</name>
		<type>enum</type>
		<size_in_bytes>2</size_in_bytes>
		<offset>8</offset>
		<enum_entry name="Yes" value="1"></enum_entry>
		<enum_entry name="No" value="0"></enum_entry>
	</property>
	
	<property>
		<name>Path</name>
		<type>int</type>
		<size_in_bytes>2</size_in_bytes>
		<offset>10</offset>
	</property>
	
</object>
